Федорова Дарья Владимировна,455016871523,г. Пермь ул. Садовая д. 70,46829.69
Павлов Евгений Алексеевич,513076385149,г. Новосибирск ул. Центральная д. 226,5629.13
Попова Ольга Евгеньевна,715444229563,г. Пермь ул. Мира д. 31,48735.5
Федорова Ксения Михайловна,611225649062,г. Краснодар ул. Чкалова д. 162,51138.25
Волков Алексей Анатольевич,906646928766,г. Пермь ул. Лесная д. 27,3462.26
Новикова Екатерина Николаевна,741432596739,г. Ростов-на-Дону ул. Центральная д. 98,68352.06
Кузнецова Ксения Павловна,396485724301,г. Самара ул. Пушкина д. 223,33619.36
Новиков Сергей Иванович,896541901720,г. Нижний Новгород ул. Молодежная д. 125,15317.19
Попова Дарья Николаевна,483981468380,г. Екатеринбург ул. Гагарина д. 53,38682.47
Попова Екатерина Владимировна,856438012825,г. Воронеж ул. Лесная д. 71,21904.6
Орлов Андрей Алексеевич,843162415319,г. Челябинск ул. Маяковского д. 99,58735.03
Белова Наталья Викторовна,157438905812,г. Тюмень ул. Горького д. 191,46459.82
Козлов Андрей Николаевич,469706080980,г. Омск ул. Молодежная д. 75,58975.75
Семенова Светлана Михайловна,960398246410,г. Нижний Новгород ул. Маяковского д. 137,12332.42
Никитина Анна Владимировна,887349592712,г. Красноярск ул. Тверская д. 87,74381.07
Никитина Светлана Павловна,519589586781,г. Челябинск ул. Советская д. 52,63541.53
Иванов Алексей Павлович,449917466658,г. Уфа ул. Гагарина д. 81,21975.18
Андреева Светлана Викторовна,648275389766,г. Санкт-Петербург ул. Советская д. 176,70723.66
Никитин Андрей Алексеевич,261005742060,г. Казань ул. Лесная д. 74,1634.14
Волков Максим Николаевич,344302806870,г. Омск ул. Маяковского д. 109,25863.72
Белов Иван Павлович,219378626773,г. Нижний Новгород ул. Лесная д. 69,25991.78
Максимова Татьяна Михайловна,727626966411,г. Волгоград ул. Лесная д. 163,7920.33
Петрова Анастасия Максимовна,230468652913,г. Волгоград ул. Горького д. 140,48355.01
Макарова Виктория Сергеевна,527001535999,г. Ростов-на-Дону ул. Советская д. 186,14541.54
Голубев Андрей Алексеевич,491071563017,г. Нижний Новгород ул. Калинина д. 174,61335.18
Смирнов Павел Павлович,820216955336,г. Екатеринбург ул. Суворова д. 39,65671.28
Кузнецов Анатолий Владимирович,470089191680,г. Пермь ул. Гагарина д. 218,41572.39
Павлов Сергей Михайлович,903041014437,г. Волгоград ул. Пушкина д. 91,43025.31
Орлов Николай Александрович,644797995671,г. Уфа ул. Калинина д. 16,57811.19
Попова Ирина Максимовна,754140313799,г. Ростов-на-Дону ул. Ленина д. 58,12011.86
Козлова Екатерина Дмитриевна,531747872183,г. Краснодар ул. Мира д. 240,10742.73
Васильев Павел Александрович,378827184024,г. Москва ул. Гагарина д. 198,4453.01
Морозова Екатерина Владимировна,401603074598,г. Омск ул. Тверская д. 205,65592.49
Новиков Александр Александрович,425514233853,г. Саратов ул. Садовая д. 134,35777.21
Семенов Дмитрий Евгеньевич,199268462598,г. Красноярск ул. Пушкина д. 118,7895.57
Голубев Александр Сергеевич,290636973685,г. Новосибирск ул. Советская д. 245,59057.63
Белова Мария Дмитриевна,846852012547,г. Красноярск ул. Тверская д. 90,72443.33
Орлов Евгений Павлович,661436749019,г. Краснодар ул. Советская д. 15,32197.6
Васильев Алексей Сергеевич,510786567109,г. Екатеринбург ул. Центральная д. 34,63849.53
Никитин Сергей Анатольевич,448744476896,г. Омск ул. Маяковского д. 133,15786.97
Орлов Андрей Иванович,818005332832,г. Екатеринбург ул. Молодежная д. 78,66460.83
Васильева Мария Николаевна,883381772124,г. Москва ул. Ленина д. 39,41621.38
Павлова Виктория Павловна,550874918667,г. Красноярск ул. Маяковского д. 68,6728.24
Козлов Сергей Алексеевич,723041892706,г. Москва ул. Школьная д. 211,14441.5
Андреева Анна Сергеевна,588022264455,г. Казань ул. Суворова д. 161,1658.9
Павлов Виктор Евгеньевич,742523534956,г. Саратов ул. Маяковского д. 164,56974.94
Васильева Татьяна Николаевна,615828806462,г. Краснодар ул. Маяковского д. 220,11286.41
Кузнецов Владимир Михайлович,541280411488,г. Нижний Новгород ул. Школьная д. 85,38242.66
Волков Михаил Викторович,515145715278,г. Уфа ул. Тверская д. 142,32692.33
Голубев Николай Павлович,510367951727,г. Краснодар ул. Мира д. 116,74824.68
Белов Михаил Андреевич,644499366455,г. Екатеринбург ул. Школьная д. 128,70240.87
Попова Мария Сергеевна,718933347034,г. Новосибирск ул. Ленина д. 65,60490.89
Федоров Алексей Андреевич,864750069331,г. Воронеж ул. Садовая д. 31,32893.2
Соколова Юлия Анатольевна,901070531087,г. Екатеринбург ул. Молодежная д. 52,47124.77
Соколова Юлия Александровна,698774980255,г. Нижний Новгород ул. Горького д. 45,29634.24
Морозова Юлия Дмитриевна,670205785394,г. Екатеринбург ул. Калинина д. 142,62337.64
Морозов Алексей Дмитриевич,729774796220,г. Ростов-на-Дону ул. Советская д. 165,9580.93
Федоров Максим Николаевич,463247788329,г. Казань ул. Мира д. 64,24222.07
Максимов Виктор Михайлович,657259518716,г. Пермь ул. Горького д. 138,70125.45
Кузнецова Екатерина Владимировна,278592200677,г. Нижний Новгород ул. Мира д. 35,15354.93
Васильева Наталья Ивановна,271384636923,г. Санкт-Петербург ул. Калинина д. 126,13905.43
Смирнова Юлия Алексеевна,909405190596,г. Самара ул. Советская д. 34,8576.97
Семенов Андрей Евгеньевич,403324259465,г. Ростов-на-Дону ул. Чкалова д. 92,31196.45
Семенов Евгений Сергеевич,758870068238,г. Новосибирск ул. Центральная д. 96,71550.01
Андреева Юлия Евгеньевна,260355620074,г. Ростов-на-Дону ул. Центральная д. 15,28042.68
Соколов Сергей Александрович,968844702956,г. Уфа ул. Лесная д. 245,20547.45
Кузнецов Павел Михайлович,289886320387,г. Уфа ул. Суворова д. 206,57218.9
Максимова Ольга Сергеевна,277406536196,г. Екатеринбург ул. Мира д. 239,10947.18
Павлова Виктория Павловна,945948322544,г. Нижний Новгород ул. Калинина д. 99,22839.75
Андреев Дмитрий Андреевич,831756821659,г. Уфа ул. Молодежная д. 50,20565.9
Федоров Павел Александрович,638274303298,г. Нижний Новгород ул. Мира д. 89,44895.22
Зайцев Владимир Дмитриевич,874967171766,г. Омск ул. Тверская д. 51,11597.46
Голубева Мария Александровна,535705263768,г. Тюмень ул. Чкалова д. 149,16392.91
Волков Максим Алексеевич,835693077438,г. Пермь ул. Советская д. 248,59290.95
Голубев Андрей Павлович,211478106669,г. Самара ул. Центральная д. 90,34461.53
Белов Михаил Сергеевич,804182189946,г. Нижний Новгород ул. Мира д. 141,13151.25
Иванов Михаил Владимирович,533314206973,г. Тюмень ул. Тверская д. 186,26506.71
Васильев Павел Иванович,857884143072,г. Уфа ул. Мира д. 246,22423.28
Андреева Елена Викторовна,598834240180,г. Саратов ул. Пушкина д. 224,54495.37
Андреев Евгений Анатольевич,480938298357,г. Уфа ул. Лесная д. 160,33376.64
Кузнецова Елена Викторовна,785466135526,г. Волгоград ул. Кирова д. 75,16093.59
Голубева Ольга Андреевна,226090125685,г. Волгоград ул. Тверская д. 108,70806.14
Соколова Светлана Николаевна,496887090234,г. Новосибирск ул. Советская д. 22,24794.53
Новиков Иван Михайлович,592901313337,г. Казань ул. Школьная д. 58,51224.43
Волков Анатолий Викторович,834986351764,г. Воронеж ул. Садовая д. 145,72955.84
Новиков Максим Сергеевич,229802981790,г. Москва ул. Пушкина д. 96,52770.26
Павлов Виктор Павлович,450885912678,г. Екатеринбург ул. Молодежная д. 112,60770.85
Макарова Мария Евгеньевна,732991572409,г. Новосибирск ул. Центральная д. 133,26094.81
Голубева Ксения Сергеевна,665796903485,г. Ростов-на-Дону ул. Мира д. 77,52814.85
Васильева Анастасия Ивановна,595501960454,г. Екатеринбург ул. Пушкина д. 174,30165.23
Волков Андрей Владимирович,957953203906,г. Самара ул. Молодежная д. 225,61284.79
Зайцев Евгений Андреевич,520473535590,г. Челябинск ул. Тверская д. 136,40438.82
Зайцева Наталья Ивановна,834191860916,г. Ростов-на-Дону ул. Горького д. 193,57297.27
Волкова Мария Сергеевна,967598623784,г. Новосибирск ул. Садовая д. 195,48938.77
Никитина Ольга Алексеевна,685273186908,г. Новосибирск ул. Набережная д. 86,38165.82
Попов Максим Александрович,910292375065,г. Ростов-на-Дону ул. Советская д. 108,45128.42
Андреев Виктор Александрович,111032525901,г. Санкт-Петербург ул. Садовая д. 243,68474.24
Соколова Ирина Павловна,756505599482,г. Москва ул. Садовая д. 204,40675.82
Иванов Михаил Евгеньевич,514738419729,г. Волгоград ул. Чкалова д. 114,48143.71
Смирнова Светлана Ивановна,900565045685,г. Саратов ул. Калинина д. 177,39773.59
Никитина Юлия Николаевна,349770638246,г. Омск ул. Советская д. 161,13280.23
Морозов Виктор Иванович,953084748948,г. Волгоград ул. Пушкина д. 92,55276.98
Никитина Юлия Сергеевна,308665169703,г. Челябинск ул. Центральная д. 157,45538.01
Соловьев Андрей Владимирович,467676902299,г. Ростов-на-Дону ул. Калинина д. 13,18210.07
Морозов Иван Андреевич,271694233451,г. Пермь ул. Набережная д. 7,45977.17
Волков Андрей Николаевич,721205860999,г. Омск ул. Суворова д. 37,10167.54
Максимова Анна Викторовна,974190454650,г. Нижний Новгород ул. Школьная д. 217,64207.26
Козлова Ксения Евгеньевна,573247595865,г. Воронеж ул. Калинина д. 43,18185.62
Лебедева Елена Николаевна,485843547628,г. Новосибирск ул. Ленина д. 189,65278.61
Никитин Александр Анатольевич,400836186772,г. Екатеринбург ул. Ленина д. 2,69631.51
Белова Юлия Сергеевна,180366012902,г. Санкт-Петербург ул. Ленина д. 69,42979.8
Голубева Мария Сергеевна,990266006084,г. Уфа ул. Суворова д. 30,59288.21
Морозова Юлия Михайловна,439648985273,г. Санкт-Петербург ул. Набережная д. 87,61767.03
Иванов Дмитрий Дмитриевич,198833984776,г. Краснодар ул. Мира д. 200,3253.68
Иванова Дарья Алексеевна,149950143372,г. Уфа ул. Центральная д. 31,17545.45
Никитин Алексей Евгеньевич,888156072818,г. Красноярск ул. Мира д. 25,34835.84
Иванова Ксения Александровна,178259460590,г. Тюмень ул. Пушкина д. 173,33785.77
Макаров Евгений Александрович,379559031926,г. Тюмень ул. Мира д. 36,28156.37
Козлов Андрей Андреевич,676688650382,г. Воронеж ул. Центральная д. 138,74408.57
Соколова Ольга Александровна,329018716100,г. Волгоград ул. Суворова д. 178,24671.78
Павлов Евгений Михайлович,976371106455,г. Нижний Новгород ул. Набережная д. 193,11308.17
Соловьева Ксения Анатольевна,237843944625,г. Омск ул. Лесная д. 171,56958.69
Волкова Ольга Дмитриевна,781717773133,г. Нижний Новгород ул. Набережная д. 82,39730.29
Соколова Елена Евгеньевна,309587014204,г. Новосибирск ул. Пушкина д. 59,15924.7
Белова Ольга Михайловна,174545210925,г. Нижний Новгород ул. Маяковского д. 100,71331.09
Волков Дмитрий Андреевич,337928973845,г. Уфа ул. Суворова д. 21,57231.68
Кузнецов Михаил Сергеевич,458318681695,г. Краснодар ул. Горького д. 178,9433.11
Козлов Дмитрий Максимович,839191408464,г. Уфа ул. Ленина д. 175,6286.94
Васильева Татьяна Андреевна,883548190308,г. Ростов-на-Дону ул. Кирова д. 74,6868.35
Андреев Алексей Алексеевич,766846049854,г. Санкт-Петербург ул. Горького д. 116,23792.77
Федорова Ксения Михайловна,762763670546,г. Москва ул. Советская д. 124,26514.13
Морозова Елена Ивановна,904036862427,г. Омск ул. Лесная д. 78,26777.81
Семенов Иван Иванович,275243121476,г. Екатеринбург ул. Маяковского д. 246,60244.66
Морозова Екатерина Михайловна,570218478944,г. Челябинск ул. Пушкина д. 108,22277.72
Соколова Светлана Александровна,812806725175,г. Уфа ул. Гагарина д. 222,18437.61
Попов Александр Евгеньевич,704589174464,г. Москва ул. Школьная д. 250,46982.44
Соловьев Дмитрий Александрович,434352340708,г. Тюмень ул. Молодежная д. 63,27842.4
Семенова Ксения Николаевна,111247621931,г. Нижний Новгород ул. Кирова д. 102,61276.13
Лебедева Ольга Максимовна,325475153417,г. Уфа ул. Набережная д. 250,51366.39
Новиков Алексей Максимович,840621729670,г. Челябинск ул. Школьная д. 87,64191.22
Лебедева Анастасия Анатольевна,719714956355,г. Саратов ул. Лесная д. 79,4780.95
Козлов Андрей Алексеевич,945296575294,г. Москва ул. Мира д. 40,51121.35
Петров Иван Максимович,998985258770,г. Уфа ул. Гагарина д. 126,6281.19
Белов Владимир Викторович,407188200014,г. Казань ул. Чкалова д. 144,62478.67
Соколова Ольга Максимовна,763130064640,г. Пермь ул. Кирова д. 173,14260.05
Павлов Иван Максимович,409154414831,г. Волгоград ул. Маяковского д. 200,71756.09
Новиков Павел Николаевич,882164287837,г. Нижний Новгород ул. Чкалова д. 190,17086.42
Федорова Виктория Алексеевна,687763386416,г. Воронеж ул. Тверская д. 73,22720.88
Максимов Николай Иванович,880093541388,г. Тюмень ул. Набережная д. 183,45630.47
Соловьев Анатолий Александрович,447491475097,г. Екатеринбург ул. Гагарина д. 44,61925.59
Соловьева Светлана Сергеевна,395954010360,г. Новосибирск ул. Чкалова д. 39,17610.14
Орлова Екатерина Павловна,574488996426,г. Москва ул. Школьная д. 157,60072.26
Соловьева Юлия Николаевна,843246550950,г. Краснодар ул. Чкалова д. 46,32686.79
Попов Дмитрий Михайлович,662738656459,г. Саратов ул. Тверская д. 161,25493.07
Семенова Наталья Ивановна,184960510985,г. Санкт-Петербург ул. Набережная д. 141,24273.59
Смирнова Светлана Владимировна,826468539281,г. Омск ул. Калинина д. 103,71343.2
Максимова Екатерина Сергеевна,221219453953,г. Самара ул. Пушкина д. 206,74150.67
Лебедева Анна Павловна,739178064057,г. Москва ул. Школьная д. 105,23798.49
Никитин Андрей Алексеевич,377693608506,г. Тюмень ул. Школьная д. 30,26802.55
Андреева Татьяна Павловна,972412017198,г. Москва ул. Мира д. 136,9762.27
Павлова Екатерина Александровна,331791127812,г. Екатеринбург ул. Молодежная д. 144,11232.04
Орлова Анна Михайловна,445219123685,г. Уфа ул. Суворова д. 73,62789.91
Максимов Николай Алексеевич,544696763675,г. Самара ул. Кирова д. 209,64527.03
Васильев Анатолий Викторович,546969661893,г. Казань ул. Калинина д. 71,26228.66
Никитина Юлия Николаевна,657119940968,г. Омск ул. Школьная д. 54,57079.96
Соловьев Павел Викторович,412049367505,г. Новосибирск ул. Калинина д. 60,10020.59
Козлова Анна Андреевна,873459930752,г. Краснодар ул. Маяковского д. 213,65008.83
Макаров Михаил Владимирович,312260627529,г. Омск ул. Тверская д. 214,67732.1
Петрова Юлия Евгеньевна,824114468630,г. Воронеж ул. Маяковского д. 215,21655.03
Петров Андрей Максимович,941022365392,г. Воронеж ул. Пушкина д. 156,63949.68
Волкова Светлана Александровна,341180026450,г. Челябинск ул. Набережная д. 89,20539.6
Белова Ирина Сергеевна,791541929655,г. Санкт-Петербург ул. Тверская д. 188,21774.36
Зайцева Татьяна Павловна,482319035381,г. Санкт-Петербург ул. Мира д. 110,27444.31
Никитин Иван Владимирович,203196862795,г. Воронеж ул. Ленина д. 12,47517.99
Иванова Дарья Евгеньевна,440934992094,г. Нижний Новгород ул. Садовая д. 163,8387.14
Волков Максим Владимирович,485789676267,г. Ростов-на-Дону ул. Пушкина д. 171,31982.4
Голубева Светлана Александровна,376355763177,г. Пермь ул. Суворова д. 220,43933.29
Максимов Павел Сергеевич,148644472771,г. Уфа ул. Школьная д. 231,21536.27
Соловьев Андрей Александрович,111024438280,г. Новосибирск ул. Школьная д. 19,60001.46
Максимова Ксения Анатольевна,677681768727,г. Красноярск ул. Горького д. 65,58191.24
Волкова Анна Александровна,146515220000,г. Москва ул. Маяковского д. 154,31894.62
Попов Максим Викторович,981233426762,г. Уфа ул. Мира д. 177,12930.22
Никитина Екатерина Евгеньевна,661719709402,г. Краснодар ул. Кирова д. 75,51295.19
Семенов Александр Максимович,183154035896,г. Краснодар ул. Кирова д. 180,54030.22
Попов Евгений Евгеньевич,438944335741,г. Пермь ул. Центральная д. 206,34870.22
Семенов Иван Алексеевич,756444646511,г. Уфа ул. Кирова д. 11,11355.08
Козлов Михаил Павлович,557417173680,г. Новосибирск ул. Гагарина д. 204,43308.38
Морозов Андрей Александрович,525233978511,г. Тюмень ул. Ленина д. 159,73055.82
Макарова Татьяна Анатольевна,851065081697,г. Краснодар ул. Советская д. 75,32879.84
Васильев Владимир Андреевич,225522383622,г. Нижний Новгород ул. Ленина д. 80,6679.21
Васильева Ольга Алексеевна,124290100842,г. Воронеж ул. Пушкина д. 29,37211.15
Морозов Павел Дмитриевич,641296357424,г. Уфа ул. Чкалова д. 33,35070.06
Павлов Иван Александрович,766274244251,г. Нижний Новгород ул. Калинина д. 58,24985.5
Павлов Владимир Андреевич,740433356396,г. Челябинск ул. Суворова д. 177,68306.23
Лебедев Михаил Николаевич,264487661789,г. Пермь ул. Советская д. 23,41260.56
Попов Максим Сергеевич,696790778327,г. Краснодар ул. Садовая д. 136,37317.2
Максимов Андрей Евгеньевич,432634473881,г. Воронеж ул. Садовая д. 4,16914.6
Орлова Анастасия Сергеевна,924396883740,г. Саратов ул. Советская д. 133,72087.3
Федорова Екатерина Владимировна,377832232278,г. Уфа ул. Набережная д. 121,61681.76
Максимов Евгений Владимирович,703916565573,г. Краснодар ул. Молодежная д. 59,42149.26
Андреев Михаил Сергеевич,655530062057,г. Нижний Новгород ул. Лесная д. 129,28793.2
Павлов Павел Владимирович,834813811574,г. Уфа ул. Кирова д. 11,38548.83
Соловьев Николай Андреевич,192878780932,г. Воронеж ул. Чкалова д. 246,22688.43
Орлов Анатолий Анатольевич,366313279386,г. Саратов ул. Садовая д. 43,26423.49
Морозова Анна Андреевна,159009107514,г. Волгоград ул. Горького д. 193,45508.61
Орлова Светлана Владимировна,225085507539,г. Самара ул. Маяковского д. 105,60637.84
Кузнецова Ксения Анатольевна,822488242322,г. Ростов-на-Дону ул. Центральная д. 64,19354.18
Семенов Максим Викторович,877440051743,г. Нижний Новгород ул. Кирова д. 90,39521.95
Орлов Павел Максимович,849617826205,г. Красноярск ул. Горького д. 12,9939.85
Федорова Татьяна Максимовна,687271863815,г. Саратов ул. Набережная д. 54,56061.85
Кузнецова Елена Александровна,298711730659,г. Волгоград ул. Молодежная д. 138,23740.82
Попов Анатолий Андреевич,432521470073,г. Уфа ул. Гагарина д. 103,21355.53
Андреев Виктор Сергеевич,993878241990,г. Воронеж ул. Кирова д. 149,18821.29
Макарова Светлана Максимовна,537066077376,г. Воронеж ул. Школьная д. 58,24936.74
Павлова Светлана Николаевна,862327764503,г. Самара ул. Центральная д. 191,39693.78
Соколов Анатолий Михайлович,617524121816,г. Уфа ул. Суворова д. 238,50631.77
Белова Светлана Сергеевна,104442124863,г. Новосибирск ул. Горького д. 42,19798.32
Соколова Виктория Сергеевна,661146433498,г. Казань ул. Горького д. 138,39046.04
Смирнова Мария Андреевна,192282333297,г. Воронеж ул. Гагарина д. 7,63339.18
Павлова Татьяна Павловна,854483373704,г. Казань ул. Молодежная д. 174,34752.92
Андреев Николай Анатольевич,483315524223,г. Санкт-Петербург ул. Суворова д. 197,11246.92
Павлов Александр Анатольевич,601274771374,г. Казань ул. Лесная д. 221,38555.05
Павлов Алексей Евгеньевич,853800212914,г. Уфа ул. Ленина д. 51,58126.66
Голубева Виктория Сергеевна,429870753286,г. Санкт-Петербург ул. Суворова д. 47,25640.88
Максимова Елена Владимировна,730045582104,г. Тюмень ул. Горького д. 142,51921.7
Зайцева Светлана Павловна,166859623344,г. Волгоград ул. Пушкина д. 223,36405.95
Максимов Павел Николаевич,449611902167,г. Москва ул. Маяковского д. 197,4780.45
Козлов Виктор Алексеевич,932752859815,г. Санкт-Петербург ул. Молодежная д. 199,11849.17
Попова Ольга Алексеевна,303956868752,г. Саратов ул. Пушкина д. 228,56329.5
Федорова Анастасия Андреевна,236892659882,г. Воронеж ул. Лесная д. 128,15669.18
Федорова Светлана Павловна,454594985686,г. Самара ул. Гагарина д. 165,72187.58
Васильева Мария Алексеевна,875025210927,г. Омск ул. Центральная д. 193,37925.0
Волков Николай Алексеевич,885425339974,г. Санкт-Петербург ул. Ленина д. 153,15947.29
Павлова Дарья Алексеевна,740528462777,г. Красноярск ул. Гагарина д. 82,12781.99
Кузнецов Владимир Александрович,795982025404,г. Тюмень ул. Лесная д. 231,71652.29
Андреева Мария Максимовна,136674413222,г. Новосибирск ул. Чкалова д. 213,16986.95
Новиков Дмитрий Дмитриевич,597053661249,г. Ростов-на-Дону ул. Школьная д. 35,22585.05
Морозов Сергей Евгеньевич,874890162161,г. Екатеринбург ул. Садовая д. 185,45567.11
Федорова Елена Ивановна,253225575517,г. Уфа ул. Калинина д. 77,57661.75
Никитин Виктор Викторович,876521603369,г. Саратов ул. Горького д. 3,60289.77
Соколова Ирина Александровна,117162209950,г. Краснодар ул. Суворова д. 215,62195.81
Макарова Анастасия Андреевна,804553424717,г. Ростов-на-Дону ул. Пушкина д. 24,41305.97
Андреева Мария Владимировна,695216346541,г. Омск ул. Суворова д. 121,42548.12
Максимова Юлия Николаевна,428564408101,г. Санкт-Петербург ул. Ленина д. 200,48256.68
Соколов Владимир Николаевич,403546035617,г. Екатеринбург ул. Советская д. 129,40416.52
Макарова Наталья Дмитриевна,518224905883,г. Пермь ул. Советская д. 186,2073.06
Новиков Павел Алексеевич,244106801349,г. Ростов-на-Дону ул. Молодежная д. 250,33718.64
Иванов Иван Максимович,618657117004,г. Екатеринбург ул. Пушкина д. 87,14990.58
Козлов Николай Михайлович,388913055168,г. Уфа ул. Центральная д. 90,2109.04
Максимов Владимир Павлович,531132853946,г. Воронеж ул. Набережная д. 100,15218.74
Андреева Елена Владимировна,432103450052,г. Пермь ул. Гагарина д. 226,44854.43
Петрова Татьяна Михайловна,703548925757,г. Воронеж ул. Лесная д. 47,36266.59
Петрова Виктория Ивановна,245386811731,г. Краснодар ул. Чкалова д. 106,58843.07
Петров Максим Александрович,759548124191,г. Волгоград ул. Пушкина д. 140,26873.3
Волков Сергей Павлович,225100699299,г. Самара ул. Суворова д. 16,5103.84
Павлов Виктор Андреевич,803348077242,г. Волгоград ул. Мира д. 200,23107.08
Смирнов Иван Евгеньевич,806724638809,г. Воронеж ул. Центральная д. 168,1446.22
Петров Сергей Иванович,970073673769,г. Новосибирск ул. Ленина д. 161,2690.14
Зайцева Анна Николаевна,807054952003,г. Краснодар ул. Садовая д. 52,72739.21
Соколова Екатерина Максимовна,298990809690,г. Пермь ул. Лесная д. 63,34238.8
Зайцева Светлана Викторовна,924314226454,г. Волгоград ул. Калинина д. 120,48415.45
Васильев Андрей Алексеевич,540154276210,г. Челябинск ул. Набережная д. 243,40112.3
Соловьев Николай Алексеевич,723874247113,г. Тюмень ул. Гагарина д. 78,42278.04
Орлов Евгений Анатольевич,266810279668,г. Тюмень ул. Маяковского д. 59,51628.84
Голубева Виктория Сергеевна,680725289021,г. Тюмень ул. Мира д. 213,18978.62
Никитин Михаил Владимирович,980842030958,г. Воронеж ул. Маяковского д. 45,4071.44
Кузнецова Екатерина Михайловна,185201796451,г. Москва ул. Маяковского д. 247,23753.07
Соловьев Владимир Николаевич,344650727144,г. Волгоград ул. Чкалова д. 16,42532.53
Иванова Наталья Максимовна,484399519366,г. Казань ул. Калинина д. 46,32037.6
Морозов Иван Павлович,991475323747,г. Саратов ул. Суворова д. 164,20979.81
Никитин Андрей Евгеньевич,868356574223,г. Уфа ул. Набережная д. 168,34101.54
Голубев Евгений Сергеевич,715760666166,г. Краснодар ул. Тверская д. 55,50354.16
Попов Александр Николаевич,999496689683,г. Краснодар ул. Лесная д. 59,57378.08
Никитина Татьяна Ивановна,292301365361,г. Санкт-Петербург ул. Лесная д. 139,22929.53
Максимова Виктория Евгеньевна,982700196736,г. Уфа ул. Ленина д. 108,19909.66
Лебедев Андрей Александрович,649980418123,г. Тюмень ул. Советская д. 130,39241.42
Павлов Владимир Михайлович,615896815915,г. Омск ул. Маяковского д. 200,35021.06
Соколов Александр Михайлович,694894063655,г. Новосибирск ул. Маяковского д. 209,34184.49
Волков Алексей Иванович,951425964603,г. Волгоград ул. Суворова д. 221,25356.95
Белова Виктория Андреевна,900425826310,г. Новосибирск ул. Молодежная д. 240,35476.22
Андреев Алексей Максимович,840306964833,г. Краснодар ул. Мира д. 220,52904.94
Иванова Светлана Дмитриевна,680918062190,г. Нижний Новгород ул. Набережная д. 23,47291.91
Макарова Ирина Алексеевна,175203247868,г. Москва ул. Ленина д. 57,55784.56
Иванова Ирина Ивановна,248056823238,г. Уфа ул. Ленина д. 49,53939.78
Иванова Татьяна Андреевна,749883932673,г. Москва ул. Центральная д. 238,4935.75
Новикова Мария Ивановна,880080365140,г. Ростов-на-Дону ул. Советская д. 46,46164.18
Зайцева Юлия Николаевна,306759424466,г. Москва ул. Центральная д. 3,74692.37
Соколова Наталья Дмитриевна,634014194556,г. Нижний Новгород ул. Чкалова д. 234,55088.6
Орлов Михаил Максимович,768770248000,г. Новосибирск ул. Чкалова д. 74,2598.96
Волков Сергей Сергеевич,316406273699,г. Ростов-на-Дону ул. Садовая д. 247,37930.05
Смирнова Ксения Алексеевна,434215238097,г. Красноярск ул. Маяковского д. 203,18710.12
Кузнецова Светлана Ивановна,631077982882,г. Самара ул. Суворова д. 212,49173.37
Иванов Алексей Алексеевич,193927097124,г. Санкт-Петербург ул. Набережная д. 90,40994.65
Смирнова Екатерина Сергеевна,419788916063,г. Санкт-Петербург ул. Кирова д. 228,44304.45
Максимов Алексей Михайлович,550953952043,г. Краснодар ул. Центральная д. 145,65972.43
Андреев Анатолий Андреевич,582391843659,г. Уфа ул. Тверская д. 244,71147.45
Соловьев Дмитрий Михайлович,733031570203,г. Саратов ул. Горького д. 48,17479.76
Никитина Анна Викторовна,410905229954,г. Омск ул. Горького д. 108,55990.83
Морозова Ольга Алексеевна,151940897314,г. Саратов ул. Пушкина д. 208,42577.85
Соловьева Татьяна Викторовна,655181547803,г. Пермь ул. Ленина д. 197,60701.13
Лебедева Татьяна Викторовна,599236232474,г. Волгоград ул. Тверская д. 178,20476.77
Макаров Виктор Сергеевич,273639934905,г. Новосибирск ул. Ленина д. 143,68387.58
Соколова Ксения Алексеевна,170424074597,г. Уфа ул. Тверская д. 200,14064.77
Макарова Виктория Андреевна,798628445294,г. Краснодар ул. Тверская д. 45,5441.97
Соловьева Наталья Михайловна,542820656577,г. Санкт-Петербург ул. Центральная д. 231,53647.36
Зайцева Светлана Дмитриевна,208348762285,г. Ростов-на-Дону ул. Маяковского д. 2,11191.25
Попова Анастасия Евгеньевна,775611010328,г. Волгоград ул. Чкалова д. 53,65526.38
Петров Евгений Александрович,539457331115,г. Новосибирск ул. Горького д. 233,32653.68
Лебедев Владимир Дмитриевич,680781885845,г. Краснодар ул. Пушкина д. 166,1109.37
Петрова Наталья Викторовна,915298551797,г. Нижний Новгород ул. Садовая д. 68,47326.38
Андреев Иван Сергеевич,961508125633,г. Краснодар ул. Центральная д. 50,15122.88
Смирнова Виктория Владимировна,931978538911,г. Уфа ул. Горького д. 94,6797.98
Соловьев Александр Павлович,861747063805,г. Уфа ул. Суворова д. 143,34804.55
Максимов Михаил Анатольевич,287862733970,г. Новосибирск ул. Школьная д. 80,20660.95
Семенова Светлана Николаевна,152608820722,г. Самара ул. Лесная д. 170,48880.82
Соколова Елена Анатольевна,579503509656,г. Екатеринбург ул. Набережная д. 249,61415.98
Зайцев Андрей Дмитриевич,975778378201,г. Воронеж ул. Пушкина д. 11,59599.81
Федоров Павел Евгеньевич,106155951559,г. Пермь ул. Школьная д. 157,40023.75
Белов Дмитрий Евгеньевич,641250714524,г. Саратов ул. Набережная д. 141,13618.26
Макаров Владимир Иванович,872090558507,г. Казань ул. Суворова д. 194,26314.52
Белов Николай Евгеньевич,490169483604,г. Уфа ул. Кирова д. 10,41100.63
Макаров Андрей Павлович,954760898642,г. Челябинск ул. Молодежная д. 208,13284.94
Андреев Максим Александрович,656596246722,г. Екатеринбург ул. Кирова д. 239,62073.0
Белова Виктория Алексеевна,157770817179,г. Саратов ул. Гагарина д. 207,1467.68
Петров Андрей Михайлович,146994087046,г. Новосибирск ул. Тверская д. 193,28204.45
Петрова Ольга Алексеевна,733183373789,г. Краснодар ул. Горького д. 227,30637.47
Никитина Мария Дмитриевна,865618843829,г. Воронеж ул. Советская д. 9,66414.73
Белов Андрей Алексеевич,993466598021,г. Новосибирск ул. Гагарина д. 43,62349.87
Морозова Анастасия Викторовна,527020924838,г. Москва ул. Школьная д. 90,31738.76
Андреева Юлия Алексеевна,719328109905,г. Ростов-на-Дону ул. Чкалова д. 135,9541.25
Белова Елена Александровна,560434533673,г. Самара ул. Маяковского д. 80,59799.32
Семенова Татьяна Владимировна,330879139095,г. Тюмень ул. Садовая д. 237,10893.3
Васильев Алексей Анатольевич,214282296244,г. Уфа ул. Школьная д. 104,38336.79
Соловьев Александр Евгеньевич,259375994001,г. Нижний Новгород ул. Молодежная д. 79,19110.84
Голубева Екатерина Николаевна,732690096151,г. Тюмень ул. Набережная д. 112,22317.87
Соколова Виктория Евгеньевна,977303101582,г. Ростов-на-Дону ул. Маяковского д. 32,68268.91
Максимова Дарья Дмитриевна,940135727680,г. Ростов-на-Дону ул. Маяковского д. 138,49452.37
Козлова Наталья Владимировна,749477422822,г. Волгоград ул. Гагарина д. 179,52231.88
Кузнецова Ольга Алексеевна,985115200078,г. Воронеж ул. Ленина д. 122,58337.67
Орлова Ксения Александровна,892342695634,г. Тюмень ул. Кирова д. 34,42661.96
Смирнова Анастасия Александровна,128792895378,г. Краснодар ул. Суворова д. 18,40222.81
Макаров Павел Анатольевич,212084368434,г. Пермь ул. Маяковского д. 107,29363.42
Голубев Сергей Александрович,755717065038,г. Нижний Новгород ул. Лесная д. 7,6087.59
Иванов Дмитрий Викторович,466373767743,г. Краснодар ул. Гагарина д. 149,58641.37
Белова Екатерина Николаевна,278106607166,г. Челябинск ул. Горького д. 207,33400.82
Никитина Светлана Павловна,969098164301,г. Уфа ул. Пушкина д. 200,37409.74
Волкова Светлана Алексеевна,613976861152,г. Краснодар ул. Молодежная д. 10,70444.99
Орлова Елена Ивановна,599406544195,г. Волгоград ул. Горького д. 199,39960.58
Максимова Ирина Павловна,851570987457,г. Красноярск ул. Калинина д. 106,7079.48
Орлов Владимир Алексеевич,380760153816,г. Екатеринбург ул. Чкалова д. 169,26052.41
Соловьев Владимир Андреевич,727994585188,г. Новосибирск ул. Тверская д. 133,42025.15
Семенова Дарья Павловна,676428231143,г. Нижний Новгород ул. Центральная д. 188,55813.74
Никитина Анастасия Андреевна,718496666190,г. Казань ул. Советская д. 90,43604.13
Новикова Елена Ивановна,905173122349,г. Самара ул. Горького д. 206,10668.32
Лебедева Наталья Михайловна,569915601533,г. Краснодар ул. Калинина д. 10,20756.85
Павлов Евгений Викторович,302018031749,г. Пермь ул. Набережная д. 96,74211.78
Семенов Виктор Александрович,393371050178,г. Волгоград ул. Пушкина д. 168,52129.37
Попова Дарья Анатольевна,879657309103,г. Пермь ул. Лесная д. 217,71206.7
Иванова Светлана Александровна,543855642019,г. Пермь ул. Гагарина д. 230,22970.72
Голубев Алексей Иванович,927290063148,г. Воронеж ул. Калинина д. 231,14434.41
Павлова Светлана Евгеньевна,731137972057,г. Омск ул. Садовая д. 221,10114.73
Зайцев Сергей Александрович,562764078719,г. Москва ул. Пушкина д. 81,66822.87
Соколова Мария Викторовна,771188508106,г. Самара ул. Чкалова д. 60,26047.85
Орлова Елена Анатольевна,685209703439,г. Казань ул. Маяковского д. 188,22818.97
Белов Сергей Алексеевич,997981282212,г. Краснодар ул. Гагарина д. 43,13416.97
Васильев Николай Иванович,669403672047,г. Екатеринбург ул. Маяковского д. 183,52616.16
Андреева Ксения Анатольевна,961918897845,г. Санкт-Петербург ул. Калинина д. 148,20751.41
Васильева Светлана Ивановна,259131089377,г. Нижний Новгород ул. Мира д. 30,8867.61
Морозов Евгений Викторович,116800033592,г. Пермь ул. Тверская д. 241,40092.28
Зайцев Евгений Сергеевич,663200295705,г. Омск ул. Школьная д. 225,5948.62
Белов Николай Александрович,331750247086,г. Волгоград ул. Пушкина д. 130,13000.59
Волков Владимир Павлович,598104713869,г. Воронеж ул. Кирова д. 97,56239.65
Белова Ксения Андреевна,504563681597,г. Казань ул. Садовая д. 73,64942.14
Новикова Татьяна Дмитриевна,870204205144,г. Тюмень ул. Центральная д. 209,45313.79
Смирнов Иван Михайлович,588455983875,г. Уфа ул. Суворова д. 142,24395.76
Максимова Анна Александровна,731469275224,г. Самара ул. Чкалова д. 225,49712.53
Голубев Михаил Евгеньевич,318779298346,г. Челябинск ул. Чкалова д. 77,36440.44
Попова Дарья Анатольевна,209252083498,г. Саратов ул. Набережная д. 124,34081.58
Кузнецова Ирина Сергеевна,279573959513,г. Уфа ул. Гагарина д. 97,26640.21
Белова Елена Евгеньевна,681799430792,г. Самара ул. Калинина д. 233,52220.19
Петрова Анна Викторовна,304214616113,г. Санкт-Петербург ул. Калинина д. 43,64930.39
Павлов Виктор Викторович,285311923976,г. Екатеринбург ул. Садовая д. 114,36249.26
Соловьева Анна Евгеньевна,493657840112,г. Нижний Новгород ул. Пушкина д. 218,49056.44
Попова Елена Сергеевна,249006917805,г. Екатеринбург ул. Набережная д. 161,1593.68
Павлов Николай Максимович,195220521771,г. Воронеж ул. Набережная д. 162,56365.39
Волков Иван Алексеевич,186581976739,г. Тюмень ул. Школьная д. 51,4128.8
Соколов Дмитрий Владимирович,358824558157,г. Краснодар ул. Мира д. 66,38886.75
Орлов Иван Максимович,428674059323,г. Москва ул. Калинина д. 72,48128.24
Никитин Виктор Владимирович,816175123455,г. Казань ул. Суворова д. 195,18609.91
Белова Татьяна Михайловна,411543254213,г. Омск ул. Школьная д. 187,45265.58
Морозова Анна Николаевна,898498982424,г. Екатеринбург ул. Гагарина д. 33,31868.0
Соколов Дмитрий Павлович,576555858848,г. Красноярск ул. Ленина д. 3,52594.35
Козлова Светлана Владимировна,506183100201,г. Тюмень ул. Тверская д. 147,72224.05
Павлов Павел Максимович,397163519602,г. Пермь ул. Пушкина д. 1,43194.36
Волкова Анна Максимовна,542336573772,г. Омск ул. Чкалова д. 25,8149.94
Новиков Максим Максимович,892964570824,г. Омск ул. Гагарина д. 213,15802.17
Новикова Юлия Сергеевна,949519690097,г. Санкт-Петербург ул. Чкалова д. 33,4808.88
Максимов Анатолий Александрович,825508570521,г. Нижний Новгород ул. Чкалова д. 45,45075.64
Смирнова Татьяна Андреевна,709507162627,г. Волгоград ул. Мира д. 198,74477.59
Федорова Юлия Викторовна,152457347429,г. Новосибирск ул. Маяковского д. 52,40424.61
Иванова Елена Ивановна,655782718888,г. Омск ул. Молодежная д. 170,20039.46
Максимов Виктор Андреевич,295972887674,г. Саратов ул. Маяковского д. 151,5082.18
Кузнецов Александр Евгеньевич,210696923187,г. Нижний Новгород ул. Молодежная д. 218,16194.58
Никитина Анна Владимировна,740072405119,г. Омск ул. Калинина д. 127,53143.54
Попова Татьяна Ивановна,844264753323,г. Санкт-Петербург ул. Ленина д. 227,70425.42
Соловьев Владимир Александрович,787330223235,г. Казань ул. Калинина д. 52,3697.02
Орлова Анастасия Андреевна,569744714606,г. Москва ул. Тверская д. 17,18474.59
Попов Андрей Павлович,363067232016,г. Пермь ул. Лесная д. 56,50932.25
Соколов Анатолий Викторович,911272005511,г. Пермь ул. Молодежная д. 217,62893.5
Козлова Ксения Михайловна,860667825612,г. Екатеринбург ул. Калинина д. 168,37208.3
Петрова Светлана Викторовна,887650193649,г. Новосибирск ул. Центральная д. 111,66348.12
Орлов Анатолий Сергеевич,239285901816,г. Уфа ул. Маяковского д. 144,29977.75
Семенова Мария Викторовна,238113148125,г. Екатеринбург ул. Чкалова д. 132,65853.64
Волков Николай Дмитриевич,997205858886,г. Саратов ул. Калинина д. 138,43474.58
Федоров Дмитрий Анатольевич,876808639076,г. Пермь ул. Чкалова д. 129,22593.35
Смирнов Виктор Андреевич,667282745360,г. Красноярск ул. Ленина д. 61,17570.45
Петров Михаил Павлович,112178052118,г. Санкт-Петербург ул. Маяковского д. 146,68759.22
Белов Александр Павлович,276871646768,г. Санкт-Петербург ул. Горького д. 87,51845.09
Орлов Дмитрий Николаевич,910502125624,г. Краснодар ул. Советская д. 41,27262.74
Новикова Анастасия Алексеевна,622682418974,г. Москва ул. Садовая д. 30,17512.91
Иванова Анастасия Дмитриевна,297660970807,г. Ростов-на-Дону ул. Набережная д. 237,26150.68
Зайцева Наталья Максимовна,379367788297,г. Челябинск ул. Садовая д. 163,24406.59
Соколова Наталья Михайловна,147257669605,г. Волгоград ул. Школьная д. 81,41829.34
Васильева Светлана Михайловна,573897408560,г. Саратов ул. Мира д. 168,10582.63
Попов Алексей Евгеньевич,763103905395,г. Тюмень ул. Чкалова д. 147,7546.35
Соловьев Евгений Павлович,275257326497,г. Пермь ул. Чкалова д. 250,17859.31
Лебедев Максим Павлович,341367317132,г. Саратов ул. Ленина д. 209,64676.76
Иванова Анна Евгеньевна,244856495382,г. Волгоград ул. Мира д. 57,31803.81
Андреев Николай Николаевич,237774261102,г. Омск ул. Гагарина д. 212,10752.95
Попова Ольга Анатольевна,312228937290,г. Омск ул. Центральная д. 186,17856.79
Лебедева Виктория Николаевна,298647747309,г. Москва ул. Мира д. 186,57910.07
Иванова Елена Алексеевна,450576973035,г. Санкт-Петербург ул. Советская д. 197,71750.67
Лебедева Ольга Владимировна,340300528024,г. Москва ул. Тверская д. 228,48389.73
Павлов Анатолий Анатольевич,818432979001,г. Омск ул. Чкалова д. 55,19042.2
Васильева Виктория Ивановна,860694063357,г. Новосибирск ул. Тверская д. 109,3953.76
Кузнецов Максим Владимирович,551520783653,г. Волгоград ул. Лесная д. 58,51388.77
Макарова Елена Дмитриевна,978148292230,г. Красноярск ул. Гагарина д. 250,53052.26
Волков Александр Дмитриевич,905916471744,г. Казань ул. Набережная д. 34,52570.0
Максимов Сергей Сергеевич,337704628144,г. Ростов-на-Дону ул. Ленина д. 245,73702.04
Новиков Владимир Сергеевич,651849378527,г. Омск ул. Школьная д. 56,8360.73
Орлова Елена Владимировна,984104009578,г. Уфа ул. Горького д. 131,21859.44
Лебедев Дмитрий Александрович,898357349022,г. Уфа ул. Пушкина д. 184,21717.76
Максимов Виктор Евгеньевич,311947962726,г. Краснодар ул. Советская д. 162,60360.53
Голубева Виктория Владимировна,147288082320,г. Воронеж ул. Набережная д. 171,12864.16
Соловьева Ольга Ивановна,237023699241,г. Красноярск ул. Гагарина д. 86,54676.6
Павлов Владимир Павлович,845594971121,г. Пермь ул. Чкалова д. 213,54210.67
Зайцев Виктор Владимирович,430107038671,г. Нижний Новгород ул. Калинина д. 127,61950.39
Павлов Максим Андреевич,315668024069,г. Самара ул. Набережная д. 115,25354.35
Попова Анна Анатольевна,216811742547,г. Нижний Новгород ул. Чкалова д. 156,32821.73
Новиков Анатолий Павлович,452426884658,г. Тюмень ул. Советская д. 34,18026.02
Орлов Алексей Николаевич,844074398928,г. Уфа ул. Чкалова д. 37,69208.78
Максимова Татьяна Максимовна,791842482632,г. Ростов-на-Дону ул. Тверская д. 30,61301.36
Кузнецов Александр Викторович,271991084797,г. Уфа ул. Пушкина д. 84,74614.7
Макаров Виктор Михайлович,323077432518,г. Казань ул. Школьная д. 138,8317.78
Максимова Светлана Павловна,594137625252,г. Пермь ул. Суворова д. 61,8629.69
Васильев Андрей Анатольевич,536922955644,г. Воронеж ул. Суворова д. 84,68508.96
Орлов Сергей Владимирович,232099883142,г. Пермь ул. Горького д. 102,64699.05
Белов Алексей Иванович,714951679372,г. Нижний Новгород ул. Советская д. 97,57506.68
Волков Виктор Иванович,599981633537,г. Уфа ул. Ленина д. 74,48916.83
Васильев Анатолий Николаевич,948838388644,г. Самара ул. Садовая д. 152,52647.33
Никитина Татьяна Сергеевна,183989217536,г. Ростов-на-Дону ул. Ленина д. 22,70531.32
Максимова Светлана Андреевна,800981042146,г. Казань ул. Маяковского д. 246,37177.51
Смирнова Екатерина Андреевна,919026696120,г. Новосибирск ул. Советская д. 60,70422.95
Соколов Максим Анатольевич,123926577956,г. Саратов ул. Мира д. 132,44198.14
Соколова Ирина Дмитриевна,467473543178,г. Челябинск ул. Центральная д. 55,71349.3
Соловьев Павел Сергеевич,128612493995,г. Пермь ул. Гагарина д. 192,69360.19
Макаров Сергей Владимирович,961321694083,г. Пермь ул. Школьная д. 184,49427.29
Лебедева Светлана Максимовна,154238992211,г. Красноярск ул. Горького д. 190,49350.94
Козлова Ксения Александровна,162678007265,г. Тюмень ул. Ленина д. 217,48618.68
Андреев Михаил Иванович,515708743279,г. Уфа ул. Калинина д. 224,33291.3
Павлова Мария Николаевна,591377230162,г. Санкт-Петербург ул. Горького д. 1,53458.6
Макарова Татьяна Михайловна,296184175535,г. Тюмень ул. Ленина д. 16,46356.46
Андреев Сергей Викторович,242262354088,г. Тюмень ул. Маяковского д. 250,34815.16
Соловьева Анна Анатольевна,899479704398,г. Саратов ул. Советская д. 179,24304.34
Семенов Николай Сергеевич,190303626046,г. Краснодар ул. Садовая д. 34,17025.57
Козлов Виктор Анатольевич,877083499373,г. Новосибирск ул. Чкалова д. 5,16361.96
Андреева Татьяна Максимовна,383070018081,г. Санкт-Петербург ул. Советская д. 41,13904.53
Петрова Мария Викторовна,216060932501,г. Воронеж ул. Кирова д. 193,4621.97
Белова Ксения Сергеевна,844546372072,г. Екатеринбург ул. Ленина д. 27,58914.57
Павлов Александр Алексеевич,757763052313,г. Уфа ул. Горького д. 55,68766.58
Лебедев Сергей Анатольевич,364158307313,г. Пермь ул. Горького д. 108,34081.63
Новикова Ольга Михайловна,741986767817,г. Казань ул. Суворова д. 96,56100.38
Волкова Ольга Алексеевна,118330618713,г. Краснодар ул. Садовая д. 70,58260.45
Лебедев Андрей Алексеевич,609486997075,г. Москва ул. Горького д. 128,16401.81
Смирнов Николай Владимирович,294351262652,г. Санкт-Петербург ул. Мира д. 196,17733.21
Соловьев Андрей Владимирович,797546762554,г. Краснодар ул. Гагарина д. 29,4888.35
Павлов Владимир Владимирович,185283677214,г. Красноярск ул. Лесная д. 56,58441.65
Голубев Евгений Владимирович,418078394486,г. Ростов-на-Дону ул. Пушкина д. 104,52789.24
Соловьев Анатолий Иванович,517528358934,г. Екатеринбург ул. Мира д. 186,39397.52
Лебедева Татьяна Максимовна,728636501716,г. Новосибирск ул. Чкалова д. 223,23845.92
Максимов Алексей Евгеньевич,338132230251,г. Тюмень ул. Молодежная д. 63,13879.29
Попова Ольга Сергеевна,195922038461,г. Ростов-на-Дону ул. Лесная д. 74,12496.74
Семенов Дмитрий Иванович,370725134677,г. Самара ул. Садовая д. 37,26039.44
Семенов Сергей Владимирович,731092834654,г. Екатеринбург ул. Лесная д. 166,33235.89
Волков Виктор Андреевич,796109691689,г. Челябинск ул. Горького д. 162,68175.49
Макаров Иван Евгеньевич,665404331526,г. Самара ул. Калинина д. 43,17640.74
Никитина Анна Анатольевна,306731128860,г. Нижний Новгород ул. Садовая д. 146,53524.95
Андреева Наталья Анатольевна,921572666054,г. Уфа ул. Кирова д. 49,65704.4
Смирнов Александр Владимирович,795981473377,г. Ростов-на-Дону ул. Садовая д. 12,30526.05
Смирнов Александр Анатольевич,911445479258,г. Самара ул. Мира д. 72,31122.95
Зайцев Андрей Александрович,831305710793,г. Екатеринбург ул. Пушкина д. 13,65889.1
Иванов Алексей Владимирович,805697753646,г. Новосибирск ул. Центральная д. 80,34890.87
Голубев Андрей Владимирович,255445903536,г. Казань ул. Гагарина д. 75,66790.79
Новиков Александр Евгеньевич,154972593360,г. Челябинск ул. Ленина д. 236,45753.27
Орлова Дарья Сергеевна,713708377317,г. Красноярск ул. Суворова д. 123,63374.46
Новиков Евгений Владимирович,105835938457,г. Ростов-на-Дону ул. Мира д. 27,42374.81
Попов Михаил Андреевич,677510803424,г. Екатеринбург ул. Суворова д. 44,27662.38
Смирнова Светлана Павловна,531400044274,г. Краснодар ул. Центральная д. 37,27097.27
Зайцева Ольга Николаевна,363368170587,г. Санкт-Петербург ул. Гагарина д. 91,70270.85
Максимова Екатерина Михайловна,691991639521,г. Нижний Новгород ул. Лесная д. 41,48071.87
Андреев Владимир Андреевич,385406239435,г. Казань ул. Ленина д. 183,16669.16
Павлова Ольга Александровна,274118263393,г. Пермь ул. Гагарина д. 63,65254.59
Павлов Дмитрий Иванович,287130376367,г. Самара ул. Центральная д. 134,35647.64
Павлов Виктор Михайлович,711618509225,г. Краснодар ул. Кирова д. 17,51758.59
Федорова Ксения Дмитриевна,185185458159,г. Омск ул. Советская д. 85,46810.09
Андреева Наталья Михайловна,971435685383,г. Уфа ул. Советская д. 87,51363.67
Петрова Ирина Викторовна,982692547690,г. Пермь ул. Школьная д. 141,71667.61
Соколов Андрей Викторович,675680347367,г. Красноярск ул. Тверская д. 117,63546.15
Макарова Ксения Николаевна,186854163953,г. Волгоград ул. Садовая д. 10,41327.84
Морозова Анастасия Викторовна,560706726797,г. Новосибирск ул. Горького д. 174,5984.36
Морозов Александр Алексеевич,139000185952,г. Саратов ул. Суворова д. 183,19976.13
Васильева Татьяна Михайловна,346464435233,г. Краснодар ул. Школьная д. 120,58658.84
Никитина Мария Сергеевна,241842535184,г. Омск ул. Молодежная д. 60,50237.03
Иванова Татьяна Дмитриевна,893637239202,г. Челябинск ул. Чкалова д. 138,48482.79
Новиков Максим Александрович,540813217898,г. Уфа ул. Калинина д. 97,32295.43
Козлов Николай Иванович,324498719885,г. Воронеж ул. Тверская д. 237,14064.1
Павлов Михаил Михайлович,278359031953,г. Москва ул. Пушкина д. 216,9153.26
Макарова Татьяна Викторовна,896210702240,г. Краснодар ул. Садовая д. 170,22327.44
Лебедев Иван Иванович,130980786272,г. Казань ул. Мира д. 239,19559.5
Андреев Павел Максимович,285250241908,г. Омск ул. Центральная д. 218,69797.54
Зайцев Михаил Дмитриевич,343986260120,г. Тюмень ул. Калинина д. 205,3481.63
Павлова Ирина Дмитриевна,508177725806,г. Краснодар ул. Калинина д. 201,35926.15
Орлова Анастасия Ивановна,195047777333,г. Тюмень ул. Гагарина д. 174,43996.39
Зайцев Максим Николаевич,867067769318,г. Санкт-Петербург ул. Маяковского д. 185,43402.78
Козлова Мария Ивановна,405756897871,г. Уфа ул. Гагарина д. 213,39945.81
Павлова Елена Дмитриевна,330830263436,г. Челябинск ул. Пушкина д. 28,21534.31
Новиков Виктор Андреевич,500294463389,г. Самара ул. Ленина д. 8,15633.38
Павлова Дарья Викторовна,386744656963,г. Тюмень ул. Гагарина д. 153,17461.41
Орлова Мария Александровна,693346077512,г. Челябинск ул. Гагарина д. 5,57344.07
Зайцева Светлана Викторовна,529625741449,г. Новосибирск ул. Советская д. 143,24159.24
Зайцев Владимир Анатольевич,424653654250,г. Нижний Новгород ул. Советская д. 32,66946.45
Зайцев Павел Викторович,228642157523,г. Новосибирск ул. Суворова д. 83,1410.78
Зайцев Михаил Викторович,598414795412,г. Ростов-на-Дону ул. Гагарина д. 27,61277.01
Максимова Елена Максимовна,712803305114,г. Омск ул. Горького д. 117,61716.98
Новикова Ксения Анатольевна,743758516985,г. Екатеринбург ул. Лесная д. 217,20316.13
Иванов Владимир Владимирович,523121513796,г. Новосибирск ул. Молодежная д. 9,51076.66
Петрова Дарья Анатольевна,159332336674,г. Нижний Новгород ул. Молодежная д. 190,56039.46
Андреев Владимир Сергеевич,284276319840,г. Красноярск ул. Тверская д. 50,47269.36
Максимов Александр Владимирович,372810664590,г. Екатеринбург ул. Советская д. 241,23493.37
Волкова Анна Михайловна,201265572218,г. Красноярск ул. Тверская д. 133,11013.89
Новикова Дарья Михайловна,387556165547,г. Омск ул. Кирова д. 194,54083.6
Иванова Екатерина Ивановна,941238215325,г. Самара ул. Набережная д. 161,7824.94
Новиков Виктор Алексеевич,541512348763,г. Нижний Новгород ул. Ленина д. 117,47046.46
Андреев Виктор Евгеньевич,971455839378,г. Красноярск ул. Чкалова д. 100,47701.74
Голубев Николай Максимович,469482612186,г. Санкт-Петербург ул. Тверская д. 93,66236.65
Волков Александр Дмитриевич,807222067956,г. Воронеж ул. Центральная д. 175,6309.77
Соловьева Елена Николаевна,213218441811,г. Ростов-на-Дону ул. Советская д. 145,71138.35
Голубев Максим Иванович,780904530829,г. Санкт-Петербург ул. Лесная д. 120,43775.49
Кузнецова Анна Евгеньевна,674584917646,г. Самара ул. Школьная д. 80,30989.13
Соловьев Сергей Максимович,436407199853,г. Тюмень ул. Советская д. 173,42844.74
Волков Максим Владимирович,930037428652,г. Ростов-на-Дону ул. Лесная д. 209,36097.99
Кузнецова Светлана Николаевна,639371597824,г. Уфа ул. Набережная д. 75,51649.63
Лебедева Дарья Павловна,892353345860,г. Красноярск ул. Лесная д. 86,44657.08
Федоров Сергей Викторович,956317748642,г. Пермь ул. Пушкина д. 59,29198.31
Новикова Анастасия Викторовна,902559693229,г. Челябинск ул. Советская д. 120,5424.4
Смирнов Николай Александрович,882327535740,г. Челябинск ул. Советская д. 128,56989.07
Белова Наталья Максимовна,773442900871,г. Пермь ул. Мира д. 51,31484.81
Никитина Юлия Максимовна,712924712430,г. Ростов-на-Дону ул. Тверская д. 91,16159.79
Соколов Анатолий Алексеевич,868511904049,г. Краснодар ул. Тверская д. 73,8707.07
Никитин Николай Викторович,818390367894,г. Нижний Новгород ул. Пушкина д. 130,9179.48
Максимова Наталья Максимовна,828859399515,г. Нижний Новгород ул. Лесная д. 188,40254.2
Андреева Татьяна Павловна,433968490200,г. Воронеж ул. Суворова д. 6,46603.7
Никитин Владимир Викторович,746873059872,г. Красноярск ул. Горького д. 185,38534.19
Иванова Юлия Евгеньевна,524984047707,г. Новосибирск ул. Набережная д. 122,9726.15
Белов Виктор Дмитриевич,594151410646,г. Красноярск ул. Молодежная д. 241,23175.96
Новиков Иван Михайлович,336867008362,г. Ростов-на-Дону ул. Пушкина д. 163,52934.71
Голубев Андрей Андреевич,631810876716,г. Воронеж ул. Горького д. 170,27015.66
Лебедева Дарья Андреевна,740574633725,г. Москва ул. Калинина д. 5,38869.47
Макаров Михаил Михайлович,740919250756,г. Казань ул. Чкалова д. 137,23413.29
Соловьева Анна Павловна,501283376005,г. Саратов ул. Маяковского д. 127,51054.24
Никитина Ирина Ивановна,838541826712,г. Самара ул. Ленина д. 151,40260.36
Попов Павел Анатольевич,792353502938,г. Москва ул. Кирова д. 71,47471.98
Попов Михаил Дмитриевич,825895249238,г. Воронеж ул. Калинина д. 217,42764.52
Макарова Виктория Владимировна,770258115393,г. Омск ул. Мира д. 183,42747.54
Андреев Николай Анатольевич,148824353283,г. Пермь ул. Центральная д. 36,24910.28
Федоров Алексей Евгеньевич,632160422387,г. Новосибирск ул. Чкалова д. 11,8420.36
Кузнецова Екатерина Владимировна,651482087774,г. Красноярск ул. Центральная д. 217,48827.61
Волкова Ольга Максимовна,291380289650,г. Екатеринбург ул. Кирова д. 97,9541.58
Макаров Владимир Николаевич,179408165035,г. Волгоград ул. Тверская д. 202,56428.26
Макаров Виктор Владимирович,638273904569,г. Нижний Новгород ул. Молодежная д. 125,30821.87
Никитина Татьяна Алексеевна,426488641554,г. Челябинск ул. Суворова д. 234,44656.66
Соловьев Евгений Алексеевич,477010466222,г. Уфа ул. Гагарина д. 118,49041.23
Андреев Александр Викторович,564813878649,г. Омск ул. Набережная д. 112,19449.33
Зайцев Александр Александрович,358352874642,г. Волгоград ул. Калинина д. 174,70729.47
Никитина Мария Михайловна,420210492313,г. Краснодар ул. Гагарина д. 145,31786.58
Петров Иван Николаевич,530478540413,г. Тюмень ул. Центральная д. 39,9344.87
Андреев Александр Андреевич,299373551882,г. Екатеринбург ул. Кирова д. 172,62090.57
Кузнецов Павел Максимович,793143145081,г. Волгоград ул. Горького д. 207,13676.95
Новиков Сергей Павлович,450559638676,г. Краснодар ул. Чкалова д. 221,64352.05
Козлов Виктор Павлович,412314847258,г. Екатеринбург ул. Набережная д. 16,27265.36
Петров Иван Евгеньевич,766514120367,г. Красноярск ул. Молодежная д. 80,45598.49
Семенов Михаил Сергеевич,228379007678,г. Тюмень ул. Горького д. 61,73841.77
Попов Максим Алексеевич,634432298067,г. Воронеж ул. Центральная д. 36,18200.09
Новикова Дарья Максимовна,164124859162,г. Новосибирск ул. Гагарина д. 95,37694.73
Максимова Ксения Максимовна,860237658641,г. Новосибирск ул. Кирова д. 185,52950.98
Соколова Светлана Максимовна,793529127229,г. Челябинск ул. Суворова д. 94,55563.6
Голубева Мария Александровна,753760344165,г. Тюмень ул. Маяковского д. 9,22698.42
Соколов Андрей Анатольевич,667662104664,г. Красноярск ул. Гагарина д. 33,47906.2
Смирнова Дарья Евгеньевна,632646754316,г. Ростов-на-Дону ул. Мира д. 83,72154.5
Волкова Виктория Алексеевна,500367893253,г. Саратов ул. Пушкина д. 25,49511.67
Орлова Виктория Владимировна,464791878672,г. Санкт-Петербург ул. Гагарина д. 187,43133.06
Соколова Виктория Дмитриевна,613255337354,г. Москва ул. Набережная д. 51,3475.31
Макаров Алексей Николаевич,726369968736,г. Красноярск ул. Тверская д. 71,49606.26
Федоров Алексей Дмитриевич,588876823355,г. Красноярск ул. Набережная д. 40,45374.75
Никитин Михаил Викторович,510458863582,г. Воронеж ул. Центральная д. 74,10829.98
Максимов Алексей Николаевич,178098940638,г. Москва ул. Садовая д. 207,50171.4
Зайцева Мария Алексеевна,966835663352,г. Краснодар ул. Горького д. 148,6712.15
Павлова Ирина Николаевна,577713046024,г. Саратов ул. Набережная д. 95,67613.63
Смирнова Светлана Андреевна,128056986580,г. Ростов-на-Дону ул. Мира д. 172,37273.5
Смирнов Максим Владимирович,919527830603,г. Новосибирск ул. Советская д. 112,45178.16
Смирнова Ксения Николаевна,162076702335,г. Пермь ул. Мира д. 27,50207.63
Смирнов Владимир Евгеньевич,479041765640,г. Красноярск ул. Чкалова д. 36,15149.96
Никитин Павел Владимирович,818458837003,г. Екатеринбург ул. Школьная д. 122,23472.12
Никитина Елена Павловна,497647495371,г. Санкт-Петербург ул. Горького д. 29,29919.93
Новиков Виктор Максимович,168779822577,г. Самара ул. Маяковского д. 17,44050.66
Кузнецова Ксения Алексеевна,487263094938,г. Казань ул. Ленина д. 175,54688.95
Федорова Ксения Анатольевна,325229297917,г. Ростов-на-Дону ул. Тверская д. 32,52208.96
Волков Алексей Максимович,141987609616,г. Пермь ул. Ленина д. 192,8755.98
Федоров Дмитрий Владимирович,737625580865,г. Челябинск ул. Молодежная д. 117,38062.29
Волкова Татьяна Викторовна,168861803645,г. Тюмень ул. Ленина д. 26,11034.69
Соколов Михаил Иванович,399225593486,г. Челябинск ул. Молодежная д. 183,65187.45
Лебедева Дарья Алексеевна,174371531874,г. Тюмень ул. Суворова д. 68,29267.68
Орлов Евгений Алексеевич,354825545821,г. Санкт-Петербург ул. Центральная д. 135,27270.14
Макаров Андрей Сергеевич,442970553344,г. Пермь ул. Суворова д. 197,34957.16
Попова Елена Дмитриевна,795450345668,г. Нижний Новгород ул. Маяковского д. 20,28469.63
Козлова Анна Сергеевна,257066898650,г. Самара ул. Садовая д. 82,2191.32
Андреев Павел Евгеньевич,795849865742,г. Самара ул. Мира д. 229,37383.86
Соколов Андрей Павлович,433334496721,г. Тюмень ул. Кирова д. 123,43332.82
Павлов Анатолий Александрович,163323669650,г. Воронеж ул. Горького д. 167,18386.31
Орлов Сергей Сергеевич,793348863312,г. Нижний Новгород ул. Садовая д. 178,4028.97
Орлов Анатолий Викторович,332825036262,г. Ростов-на-Дону ул. Лесная д. 151,62104.06
Павлова Светлана Николаевна,458947753471,г. Тюмень ул. Суворова д. 231,27291.87
Волков Виктор Сергеевич,542691976447,г. Казань ул. Тверская д. 78,41669.5
Максимова Мария Максимовна,623261697645,г. Екатеринбург ул. Пушкина д. 110,40198.94
Орлов Николай Сергеевич,107582226623,г. Самара ул. Садовая д. 42,55919.62
Голубева Светлана Викторовна,205604149228,г. Нижний Новгород ул. Маяковского д. 223,70922.75
Соловьев Андрей Николаевич,706074041709,г. Красноярск ул. Гагарина д. 162,66201.15
Иванов Виктор Анатольевич,797895155754,г. Омск ул. Школьная д. 40,62650.97
Андреева Наталья Андреевна,770249622174,г. Москва ул. Набережная д. 130,36742.65
Федорова Мария Андреевна,170154775374,г. Москва ул. Садовая д. 207,49324.81
Новиков Алексей Алексеевич,780861728255,г. Москва ул. Калинина д. 209,25454.45
Белова Елена Михайловна,460991158540,г. Санкт-Петербург ул. Школьная д. 35,27010.43
Павлов Сергей Михайлович,678352448370,г. Красноярск ул. Школьная д. 80,9753.54
Волкова Мария Михайловна,495777566054,г. Челябинск ул. Суворова д. 239,42941.87
Попова Дарья Сергеевна,451362186128,г. Челябинск ул. Тверская д. 211,59346.49
Смирнова Наталья Дмитриевна,354158099898,г. Омск ул. Кирова д. 178,51654.71
Петров Дмитрий Евгеньевич,223320706761,г. Новосибирск ул. Центральная д. 227,2709.63
Иванова Ксения Ивановна,403330919894,г. Санкт-Петербург ул. Садовая д. 177,38445.47
Орлова Елена Викторовна,568282888911,г. Екатеринбург ул. Ленина д. 11,3594.65
Максимов Алексей Алексеевич,591739606086,г. Казань ул. Набережная д. 65,38408.89
Семенов Виктор Павлович,943749586479,г. Тюмень ул. Чкалова д. 120,6086.02
Андреева Екатерина Андреевна,654961017877,г. Краснодар ул. Центральная д. 105,44323.2
Голубева Наталья Андреевна,250668554910,г. Санкт-Петербург ул. Лесная д. 58,35742.16
Новикова Наталья Александровна,606567030147,г. Омск ул. Садовая д. 176,57307.82
Васильева Анна Андреевна,965256490583,г. Омск ул. Чкалова д. 139,60095.78
Семенов Евгений Дмитриевич,264236676190,г. Казань ул. Чкалова д. 21,37521.62
Семенов Павел Андреевич,385859232312,г. Екатеринбург ул. Тверская д. 231,54128.51
Никитина Анна Евгеньевна,569918378693,г. Казань ул. Горького д. 180,25610.63
Семенов Владимир Дмитриевич,793770575552,г. Санкт-Петербург ул. Чкалова д. 63,56752.12
Семенова Анастасия Павловна,703420802056,г. Москва ул. Суворова д. 26,67361.38
Смирнова Наталья Михайловна,953049987202,г. Уфа ул. Пушкина д. 185,58714.49
Зайцев Владимир Евгеньевич,843003789629,г. Омск ул. Гагарина д. 79,5844.95
Иванов Дмитрий Александрович,239713407347,г. Волгоград ул. Лесная д. 16,7727.68
Попова Светлана Павловна,310384702988,г. Красноярск ул. Центральная д. 59,56116.82
Орлов Павел Михайлович,180319573567,г. Нижний Новгород ул. Садовая д. 174,74248.81
Максимов Сергей Андреевич,696614210382,г. Красноярск ул. Советская д. 151,12270.34
Семенов Александр Максимович,723303562571,г. Казань ул. Набережная д. 183,3834.59
Павлов Дмитрий Александрович,297750627189,г. Новосибирск ул. Мира д. 97,64888.46
Голубева Ольга Владимировна,344794369709,г. Новосибирск ул. Гагарина д. 208,69259.43
Зайцева Ирина Николаевна,126159687786,г. Уфа ул. Садовая д. 162,19587.03
Новиков Сергей Дмитриевич,438112724133,г. Нижний Новгород ул. Центральная д. 70,30313.01
Семенов Иван Викторович,802603622851,г. Екатеринбург ул. Пушкина д. 243,4149.94
Голубев Владимир Андреевич,887710665773,г. Нижний Новгород ул. Ленина д. 77,13257.76
Соколов Михаил Владимирович,703967863016,г. Новосибирск ул. Советская д. 99,2133.26
Андреев Сергей Викторович,255559036453,г. Волгоград ул. Школьная д. 130,51850.97
Максимов Дмитрий Викторович,783393518865,г. Уфа ул. Тверская д. 122,25495.72
Иванова Татьяна Алексеевна,482418518840,г. Санкт-Петербург ул. Молодежная д. 249,42536.84
Иванов Алексей Анатольевич,973063192868,г. Москва ул. Горького д. 96,59872.24
Зайцева Ольга Павловна,275045543548,г. Уфа ул. Мира д. 17,64316.77
Попова Анастасия Алексеевна,878218472875,г. Волгоград ул. Маяковского д. 5,63928.71
Соловьева Анна Александровна,622379597964,г. Самара ул. Чкалова д. 147,43896.13
Голубева Светлана Михайловна,626824789982,г. Челябинск ул. Кирова д. 122,4505.25
Павлова Татьяна Александровна,762927954791,г. Новосибирск ул. Чкалова д. 207,30423.35
Лебедев Алексей Александрович,311973381795,г. Нижний Новгород ул. Лесная д. 221,65317.29
Семенов Виктор Павлович,587635987595,г. Нижний Новгород ул. Чкалова д. 239,59777.08
Попова Ксения Анатольевна,471695780766,г. Нижний Новгород ул. Гагарина д. 5,57624.37
Павлова Виктория Дмитриевна,932851183482,г. Нижний Новгород ул. Школьная д. 49,36034.15
Попова Екатерина Павловна,512682743094,г. Санкт-Петербург ул. Мира д. 41,56785.72
Соловьева Ольга Николаевна,199681480636,г. Новосибирск ул. Гагарина д. 90,45145.35
Козлов Андрей Павлович,987633682092,г. Тюмень ул. Пушкина д. 92,49538.61
Семенов Максим Сергеевич,835936795450,г. Ростов-на-Дону ул. Маяковского д. 78,67157.74
Соколов Алексей Дмитриевич,611192664995,г. Уфа ул. Горького д. 241,57342.31
Лебедев Сергей Дмитриевич,990621123337,г. Саратов ул. Мира д. 189,11199.48
Петров Андрей Николаевич,566876826002,г. Новосибирск ул. Горького д. 124,22934.85
Васильева Светлана Викторовна,542756813537,г. Саратов ул. Набережная д. 248,66004.05
Петрова Светлана Андреевна,242683851005,г. Казань ул. Кирова д. 24,28268.07
Семенов Анатолий Максимович,646522535704,г. Москва ул. Садовая д. 177,63378.35
Белова Ксения Викторовна,173951517279,г. Ростов-на-Дону ул. Суворова д. 238,9722.19
Попова Анна Анатольевна,129183185081,г. Екатеринбург ул. Лесная д. 167,24421.04
Семенова Анна Михайловна,999650340616,г. Тюмень ул. Центральная д. 175,30898.58
Соловьева Анна Андреевна,843706756659,г. Волгоград ул. Ленина д. 168,10720.87
Смирнова Татьяна Владимировна,291593816590,г. Новосибирск ул. Школьная д. 38,30469.05
Макарова Наталья Алексеевна,547294707868,г. Москва ул. Маяковского д. 222,11884.69
Семенова Светлана Николаевна,419720894070,г. Санкт-Петербург ул. Суворова д. 241,51226.51
Максимова Ольга Анатольевна,219975411752,г. Санкт-Петербург ул. Маяковского д. 57,59144.68
Никитин Евгений Дмитриевич,399326822954,г. Краснодар ул. Школьная д. 156,14713.15
Петрова Ольга Николаевна,904854237098,г. Саратов ул. Молодежная д. 27,7970.06
Семенов Дмитрий Иванович,395898732901,г. Уфа ул. Пушкина д. 110,3984.96
Новикова Ирина Сергеевна,255275601747,г. Москва ул. Маяковского д. 189,70815.91
Зайцев Виктор Евгеньевич,202428723506,г. Саратов ул. Набережная д. 71,19927.72
Новикова Мария Дмитриевна,402323110823,г. Пермь ул. Центральная д. 203,66480.98
Новикова Мария Андреевна,142199751897,г. Новосибирск ул. Набережная д. 247,7116.74
Никитин Дмитрий Алексеевич,773659007620,г. Воронеж ул. Чкалова д. 195,9890.1
Соловьев Алексей Павлович,513289173590,г. Тюмень ул. Мира д. 190,63246.31
Васильева Татьяна Евгеньевна,616003455215,г. Волгоград ул. Гагарина д. 141,55959.88
Семенова Светлана Михайловна,725145188006,г. Тюмень ул. Набережная д. 113,45408.36
Морозова Анна Николаевна,822039861086,г. Красноярск ул. Пушкина д. 203,48416.86
Голубева Анна Сергеевна,853608339657,г. Самара ул. Советская д. 146,54741.39
Павлова Мария Максимовна,880704023462,г. Челябинск ул. Горького д. 178,42655.87
Павлов Николай Викторович,574577490620,г. Омск ул. Советская д. 165,32965.08
Голубев Владимир Николаевич,678788782325,г. Самара ул. Садовая д. 202,43510.85
Кузнецов Евгений Михайлович,123092160610,г. Воронеж ул. Калинина д. 149,26113.37
Зайцева Юлия Анатольевна,486509864956,г. Нижний Новгород ул. Центральная д. 162,61376.74
Новикова Екатерина Андреевна,541558573719,г. Екатеринбург ул. Горького д. 126,59231.05
Козлов Сергей Сергеевич,841255861187,г. Казань ул. Молодежная д. 85,59307.62
Попов Андрей Михайлович,465707912956,г. Москва ул. Маяковского д. 242,67724.31
Соколов Виктор Анатольевич,360749563708,г. Тюмень ул. Тверская д. 117,2927.25
Белова Ирина Владимировна,850022487439,г. Москва ул. Молодежная д. 248,48579.9
Никитин Владимир Иванович,832151012947,г. Краснодар ул. Садовая д. 5,1337.8
Васильева Татьяна Михайловна,203370415298,г. Нижний Новгород ул. Гагарина д. 50,40724.48
Соколов Евгений Сергеевич,519440524434,г. Тюмень ул. Лесная д. 139,62377.77
Павлова Дарья Михайловна,175493109103,г. Москва ул. Центральная д. 224,54462.26
Иванов Павел Николаевич,203600555410,г. Самара ул. Центральная д. 40,52790.64
Морозова Анна Сергеевна,559982033629,г. Краснодар ул. Суворова д. 86,34638.95
Павлова Елена Евгеньевна,655333844109,г. Тюмень ул. Центральная д. 181,28811.4
Андреев Виктор Сергеевич,286833999685,г. Санкт-Петербург ул. Центральная д. 11,50531.27
Никитина Татьяна Анатольевна,339881621806,г. Челябинск ул. Чкалова д. 222,32490.83
Андреева Светлана Анатольевна,287507270714,г. Челябинск ул. Садовая д. 143,58177.23
Кузнецова Мария Викторовна,389215040857,г. Воронеж ул. Лесная д. 215,41141.52
Макарова Ксения Викторовна,844011094109,г. Екатеринбург ул. Кирова д. 33,18506.65
