Андреев Алексей Максимович,353598270703,г. Москва ул. Мира д. 53,53423.3
Андреев Виктор Иванович,312205219209,г. Челябинск ул. Горького д. 187,28182.3
Андреев Виктор Иванович,886461732434,г. Красноярск ул. Кирова д. 164,42819.6
Андреев Владимир Иванович,579460580648,г. Краснодар ул. Горького д. 57,70135.6
Андреев Владимир Иванович,871576348151,г. Красноярск ул. Маяковского д. 170,15917.1
Андреев Дмитрий Алексеевич,538704793999,г. Ростов-на-Дону ул. Центральная д. 125,71259.4
Андреев Дмитрий Дмитриевич,776876172441,г. Ростов-на-Дону ул. Садовая д. 112,8212.15
Андреев Евгений Александрович,650556228760,г. Омск ул. Тверская д. 204,36026.9
Андреев Иван Алексеевич,906339567004,г. Саратов ул. Маяковского д. 216,27452.6
Андреев Сергей Максимович,900155398962,г. Тюмень ул. Садовая д. 114,37594.2
Андреева Анна Андреевна,577582760781,г. Красноярск ул. Лесная д. 207,19062.4
Андреева Екатерина Викторовна,405073165435,г. Самара ул. Тверская д. 235,37783.1
Андреева Екатерина Сергеевна,320646913449,г. Красноярск ул. Школьная д. 121,36657.8
Андреева Елена Викторовна,937903500052,г. Пермь ул. Молодежная д. 40,3367.98
Андреева Ирина Анатольевна,222102920422,г. Москва ул. Калинина д. 150,26012.4
Андреева Ксения Евгеньевна,675772418217,г. Москва ул. Маяковского д. 139,15785.2
Андреева Мария Максимовна,254215332074,г. Уфа ул. Лесная д. 202,13187.8
Андреева Наталья Андреевна,301275202720,г. Уфа ул. Кирова д. 137,61576.5
Андреева Ольга Сергеевна,869651994887,г. Санкт-Петербург ул. Ленина д. 128,15436.3
Андреева Светлана Ивановна,223620937924,г. Нижний Новгород ул. Школьная д. 115,3648.75
Белов Александр Михайлович,513481417706,г. Воронеж ул. Набережная д. 134,31078.4
Белов Андрей Андреевич,595391191479,г. Уфа ул. Советская д. 200,43277.3
Белов Дмитрий Евгеньевич,553029879077,г. Челябинск ул. Гагарина д. 172,48410.9
Белов Дмитрий Максимович,344063303633,г. Санкт-Петербург ул. Пушкина д. 159,22157.6
Белов Максим Алексеевич,262033786876,г. Тюмень ул. Маяковского д. 177,41791.7
Белов Максим Анатольевич,371339923677,г. Красноярск ул. Тверская д. 49,30727.3
Белов Максим Викторович,930593843370,г. Казань ул. Садовая д. 83,30700.9
Белов Максим Евгеньевич,268946992089,г. Казань ул. Чкалова д. 152,7069.28
Белов Максим Максимович,366680603250,г. Санкт-Петербург ул. Молодежная д. 145,27281.8
Белов Михаил Викторович,480497979188,г. Пермь ул. Калинина д. 183,31961.5
Белов Михаил Иванович,678193157272,г. Нижний Новгород ул. Школьная д. 25,14617
Белов Николай Михайлович,226327538161,г. Санкт-Петербург ул. Калинина д. 144,34836.5
Белов Павел Сергеевич,560271374051,г. Воронеж ул. Гагарина д. 79,47523.9
Белов Сергей Максимович,663792100376,г. Самара ул. Маяковского д. 62,4503.97
Белова Анна Евгеньевна,320157640169,г. Челябинск ул. Гагарина д. 60,38346.3
Белова Анна Николаевна,673514790999,г. Ростов-на-Дону ул. Суворова д. 102,36305.2
Белова Виктория Николаевна,962788439645,г. Челябинск ул. Тверская д. 133,15799.2
Белова Екатерина Андреевна,428882119411,г. Казань ул. Маяковского д. 130,15737.1
Белова Елена Максимовна,224235278003,г. Самара ул. Тверская д. 93,72010.2
Белова Наталья Викторовна,762804656904,г. Ростов-на-Дону ул. Маяковского д. 24,72175.7
Белова Ольга Алексеевна,338185236217,г. Воронеж ул. Суворова д. 105,6887.78
Белова Ольга Викторовна,754510935513,г. Омск ул. Центральная д. 230,49517.8
Белова Ольга Сергеевна,556888828443,г. Санкт-Петербург ул. Кирова д. 95,40126.8
Белова Татьяна Павловна,225111043544,г. Казань ул. Тверская д. 60,18936.5
Васильев Алексей Николаевич,213559985435,г. Екатеринбург ул. Лесная д. 65,63516.2
Васильев Анатолий Максимович,753523068179,г. Самара ул. Ленина д. 138,8779.43
Васильев Виктор Сергеевич,534835031117,г. Уфа ул. Маяковского д. 29,52132.8
Васильев Дмитрий Алексеевич,155780594604,г. Волгоград ул. Садовая д. 196,28821.8
Васильев Дмитрий Алексеевич,794496879507,г. Саратов ул. Пушкина д. 236,35799.1
Васильев Иван Михайлович,197375887443,г. Красноярск ул. Суворова д. 206,70992.5
Васильев Максим Иванович,694434358407,г. Самара ул. Калинина д. 68,22157.5
Васильев Николай Андреевич,608743357746,г. Краснодар ул. Чкалова д. 88,57932
Васильев Николай Максимович,990921741680,г. Красноярск ул. Гагарина д. 56,35450.3
Васильев Павел Викторович,460377150085,г. Тюмень ул. Маяковского д. 234,54256.1
Васильев Павел Иванович,256025415958,г. Санкт-Петербург ул. Тверская д. 19,34332.9
Васильев Павел Павлович,919065728567,г. Воронеж ул. Суворова д. 11,60285
Васильева Дарья Николаевна,575518240955,г. Нижний Новгород ул. Тверская д. 147,50995.6
Васильева Екатерина Владимировна,704332768517,г. Тюмень ул. Лесная д. 147,63930.8
Васильева Елена Алексеевна,120877965054,г. Уфа ул. Садовая д. 125,44434
Васильева Елена Анатольевна,297043366599,г. Самара ул. Маяковского д. 91,64467.8
Васильева Елена Дмитриевна,697244850096,г. Саратов ул. Маяковского д. 76,14523.1
Васильева Ирина Ивановна,142092465900,г. Челябинск ул. Лесная д. 244,72097.6
Васильева Ксения Николаевна,245114178928,г. Москва ул. Калинина д. 101,37424
Васильева Мария Алексеевна,101254767398,г. Ростов-на-Дону ул. Набережная д. 244,70425.7
Васильева Мария Николаевна,899554305876,г. Красноярск ул. Мира д. 234,70006.1
Васильева Наталья Владимировна,465332258996,г. Москва ул. Школьная д. 140,64284.9
Васильева Ольга Евгеньевна,689937281988,г. Воронеж ул. Кирова д. 145,63974.7
Волков Александр Викторович,642978077655,г. Ростов-на-Дону ул. Суворова д. 33,69680.8
Волков Владимир Иванович,323421158574,г. Краснодар ул. Кирова д. 38,15488.7
Волков Евгений Максимович,762868170238,г. Воронеж ул. Маяковского д. 203,45861
Волков Николай Дмитриевич,701078439362,г. Волгоград ул. Гагарина д. 139,42688
Волков Павел Павлович,742596071682,г. Саратов ул. Суворова д. 108,43985.4
Волков Павел Павлович,999521845202,г. Пермь ул. Лесная д. 6,53371.4
Волкова Виктория Евгеньевна,165206838604,г. Челябинск ул. Советская д. 84,60305.3
Волкова Виктория Павловна,482383176687,г. Казань ул. Садовая д. 147,57397.5
Волкова Виктория Сергеевна,531118589459,г. Челябинск ул. Кирова д. 183,52437.4
Волкова Дарья Андреевна,490788431560,г. Пермь ул. Тверская д. 64,55501.2
Волкова Елена Анатольевна,860231756590,г. Москва ул. Тверская д. 140,20789.8
Волкова Мария Николаевна,529402152569,г. Санкт-Петербург ул. Советская д. 97,40632.4
Волкова Мария Сергеевна,910771387708,г. Екатеринбург ул. Лесная д. 132,33097.4
Волкова Светлана Павловна,942021817700,г. Москва ул. Садовая д. 28,70395.9
Волкова Татьяна Павловна,122858846228,г. Тюмень ул. Мира д. 103,10716.4
Голубев Алексей Николаевич,289026331170,г. Воронеж ул. Школьная д. 232,18177.7
Голубев Анатолий Анатольевич,866363337567,г. Красноярск ул. Лесная д. 228,31870.7
Голубев Андрей Владимирович,977981147667,г. Нижний Новгород ул. Чкалова д. 83,36078.3
Голубев Андрей Николаевич,240248482703,г. Нижний Новгород ул. Пушкина д. 35,66780.5
Голубев Владимир Николаевич,542369793385,г. Москва ул. Суворова д. 122,20376.1
Голубев Иван Михайлович,587779853671,г. Волгоград ул. Ленина д. 106,37647.3
Голубев Михаил Евгеньевич,828146488883,г. Волгоград ул. Набережная д. 150,66712.2
Голубев Михаил Михайлович,934103187900,г. Саратов ул. Горького д. 161,64902.5
Голубева Анастасия Анатольевна,330986995420,г. Саратов ул. Чкалова д. 233,26422.8
Голубева Анна Алексеевна,982571062736,г. Краснодар ул. Ленина д. 10,49277.4
Голубева Дарья Александровна,769992820326,г. Омск ул. Молодежная д. 238,68867.3
Голубева Дарья Евгеньевна,116032243926,г. Омск ул. Пушкина д. 49,43938.3
Голубева Елена Александровна,953144649333,г. Уфа ул. Советская д. 36,23915.5
Голубева Ирина Владимировна,515443874533,г. Красноярск ул. Чкалова д. 209,72766
Голубева Мария Андреевна,990793748962,г. Уфа ул. Набережная д. 116,6942.21
Голубева Мария Николаевна,188598302583,г. Уфа ул. Молодежная д. 228,2292.76
Голубева Мария Сергеевна,690137778826,г. Челябинск ул. Маяковского д. 192,31963
Голубева Наталья Евгеньевна,231953787093,г. Волгоград ул. Лесная д. 47,70209.2
Голубева Наталья Михайловна,932966770934,г. Челябинск ул. Гагарина д. 219,24837.3
Голубева Ольга Алексеевна,580833445898,г. Уфа ул. Маяковского д. 233,26293
Голубева Татьяна Андреевна,623527321894,г. Уфа ул. Мира д. 2,55280.9
Голубева Татьяна Михайловна,368054999542,г. Санкт-Петербург ул. Маяковского д. 200,57529.7
Голубева Татьяна Сергеевна,265695641314,г. Краснодар ул. Пушкина д. 153,28048.6
Зайцев Александр Владимирович,523615727759,г. Краснодар ул. Мира д. 150,6661.38
Зайцев Алексей Алексеевич,684343940361,г. Санкт-Петербург ул. Молодежная д. 111,2210.02
Зайцев Виктор Михайлович,629914254258,г. Санкт-Петербург ул. Центральная д. 99,4577.33
Зайцев Владимир Сергеевич,672797004752,г. Красноярск ул. Лесная д. 90,9386.77
Зайцев Евгений Александрович,582474186448,г. Новосибирск ул. Центральная д. 146,17601.1
Зайцев Евгений Николаевич,792145394395,г. Волгоград ул. Маяковского д. 171,6739.95
Зайцев Иван Владимирович,697963870715,г. Волгоград ул. Пушкина д. 48,48471
Зайцев Максим Иванович,281858046869,г. Воронеж ул. Ленина д. 91,55536.1
Зайцев Максим Сергеевич,494602678673,г. Тюмень ул. Советская д. 81,16755.5
Зайцев Михаил Дмитриевич,397087610136,г. Воронеж ул. Набережная д. 8,5798.59
Зайцев Павел Евгеньевич,140951051993,г. Красноярск ул. Набережная д. 105,19244
Зайцева Анна Сергеевна,451971761136,г. Нижний Новгород ул. Центральная д. 130,27358.3
Зайцева Виктория Анатольевна,808792375210,г. Самара ул. Горького д. 4,41125.3
Зайцева Виктория Николаевна,998356598331,г. Саратов ул. Кирова д. 69,20206.6
Зайцева Екатерина Евгеньевна,155631543252,г. Казань ул. Маяковского д. 248,6443.71
Зайцева Ксения Александровна,540968254552,г. Воронеж ул. Кирова д. 45,47005.3
Зайцева Юлия Алексеевна,393812409075,г. Омск ул. Набережная д. 16,56607
Иванов Александр Анатольевич,413572534912,г. Ростов-на-Дону ул. Маяковского д. 1,1862.17
Иванов Анатолий Александрович,519340626427,г. Пермь ул. Центральная д. 62,18289.4
Иванов Андрей Александрович,821304913146,г. Пермь ул. Горького д. 71,35842.2
Иванов Андрей Евгеньевич,531839964052,г. Воронеж ул. Набережная д. 73,52227.8
Иванов Владимир Андреевич,283651297911,г. Краснодар ул. Кирова д. 72,69236.1
Иванов Иван Александрович,429269065288,г. Омск ул. Суворова д. 231,29031.8
Иванов Иван Викторович,998884020306,г. Краснодар ул. Тверская д. 28,53198.8
Иванов Иван Иванович,214253607675,г. Екатеринбург ул. Маяковского д. 50,18757.6
Иванов Максим Викторович,589309240756,г. Пермь ул. Маяковского д. 14,55864.5
Иванов Павел Александрович,220438012047,г. Воронеж ул. Суворова д. 229,68680.2
Иванов Сергей Алексеевич,305648371349,г. Нижний Новгород ул. Набережная д. 221,67072.7
Иванова Екатерина Евгеньевна,117339398323,г. Тюмень ул. Гагарина д. 69,46842.1
Иванова Елена Александровна,360565737228,г. Ростов-на-Дону ул. Горького д. 84,74368.1
Иванова Татьяна Сергеевна,577114600010,г. Пермь ул. Тверская д. 31,19415.5
Иванова Юлия Евгеньевна,191613080920,г. Волгоград ул. Гагарина д. 167,12057
Иванова Юлия Максимовна,186555770305,г. Красноярск ул. Суворова д. 16,7207.8
Козлов Алексей Александрович,716483367418,г. Тюмень ул. Садовая д. 220,60796.5
Козлов Алексей Михайлович,321795737128,г. Новосибирск ул. Суворова д. 47,28605.4
Козлов Андрей Максимович,807196087355,г. Санкт-Петербург ул. Гагарина д. 45,60980.3
Козлов Виктор Александрович,590363565152,г. Воронеж ул. Кирова д. 219,43871.5
Козлов Евгений Николаевич,814293582814,г. Челябинск ул. Центральная д. 168,39877.6
Козлов Иван Михайлович,123783067078,г. Нижний Новгород ул. Советская д. 38,2444.68
Козлов Михаил Александрович,399777459044,г. Краснодар ул. Гагарина д. 181,9115.61
Козлов Михаил Викторович,800145181665,г. Краснодар ул. Тверская д. 152,34769.9
Козлов Николай Анатольевич,428832221911,г. Самара ул. Суворова д. 61,31479.4
Козлов Павел Андреевич,924273473544,г. Санкт-Петербург ул. Школьная д. 195,2296.96
Козлов Павел Евгеньевич,389346151948,г. Саратов ул. Молодежная д. 1,24178.1
Козлова Екатерина Михайловна,274479034127,г. Нижний Новгород ул. Набережная д. 192,8300.18
Козлова Елена Алексеевна,797201382762,г. Москва ул. Ленина д. 244,56774.4
Козлова Елена Алексеевна,971236672212,г. Казань ул. Калинина д. 232,34232.5
Козлова Елена Андреевна,668631432372,г. Ростов-на-Дону ул. Центральная д. 183,17708.5
Козлова Ирина Андреевна,657651470149,г. Омск ул. Ленина д. 70,42884.2
Козлова Ольга Анатольевна,942635888925,г. Саратов ул. Калинина д. 83,2021.88
Козлова Татьяна Евгеньевна,172285724706,г. Воронеж ул. Чкалова д. 171,19364.4
Кузнецов Александр Андреевич,201942932736,г. Омск ул. Школьная д. 56,4700.19
Кузнецов Алексей Анатольевич,799899447168,г. Новосибирск ул. Набережная д. 93,14109.4
Кузнецов Алексей Сергеевич,334604279863,г. Москва ул. Лесная д. 224,59294.8
Кузнецов Андрей Александрович,166998036999,г. Пермь ул. Набережная д. 5,71590.3
Кузнецов Виктор Алексеевич,908267888688,г. Ростов-на-Дону ул. Суворова д. 14,52912.1
Кузнецов Виктор Максимович,456281829393,г. Волгоград ул. Маяковского д. 218,8416.36
Кузнецов Дмитрий Дмитриевич,220854646653,г. Санкт-Петербург ул. Горького д. 77,42353.6
Кузнецов Евгений Анатольевич,594247251100,г. Пермь ул. Лесная д. 233,12609.1
Кузнецов Иван Владимирович,683704257109,г. Саратов ул. Суворова д. 104,6753.81
Кузнецов Иван Максимович,167543633186,г. Саратов ул. Кирова д. 47,40103.5
Кузнецов Сергей Владимирович,117588638247,г. Нижний Новгород ул. Пушкина д. 104,13825.2
Кузнецова Анастасия Дмитриевна,155992845992,г. Нижний Новгород ул. Пушкина д. 74,42970.4
Кузнецова Анастасия Павловна,129340351132,г. Пермь ул. Гагарина д. 70,39978.9
Кузнецова Анастасия Сергеевна,835448547558,г. Уфа ул. Школьная д. 48,38629.2
Кузнецова Анна Андреевна,685584023212,г. Екатеринбург ул. Гагарина д. 234,19693.3
Кузнецова Дарья Михайловна,770738738600,г. Нижний Новгород ул. Садовая д. 13,70968.6
Кузнецова Елена Алексеевна,327864420580,г. Волгоград ул. Садовая д. 16,74596.5
Кузнецова Ирина Сергеевна,231637230206,г. Уфа ул. Молодежная д. 57,33420.6
Кузнецова Наталья Сергеевна,122250776994,г. Челябинск ул. Центральная д. 189,1710.5
Кузнецова Ольга Евгеньевна,565057005357,г. Ростов-на-Дону ул. Гагарина д. 194,29987.9
Кузнецова Ольга Павловна,591542009762,г. Казань ул. Мира д. 249,18321.2
Кузнецова Татьяна Алексеевна,333133244215,г. Екатеринбург ул. Набережная д. 153,53885.1
Кузнецова Юлия Михайловна,434431816699,г. Самара ул. Школьная д. 52,17889.8
Лебедев Андрей Иванович,532317259216,г. Красноярск ул. Кирова д. 57,4665.7
Лебедев Владимир Алексеевич,457512013769,г. Нижний Новгород ул. Суворова д. 157,41503.5
Лебедев Владимир Михайлович,217070424727,г. Красноярск ул. Советская д. 214,53571.2
Лебедев Иван Владимирович,311248946341,г. Саратов ул. Молодежная д. 174,30389.2
Лебедев Максим Иванович,393682996009,г. Нижний Новгород ул. Школьная д. 25,42887.4
Лебедев Максим Михайлович,789494559989,г. Омск ул. Маяковского д. 92,13393.5
Лебедев Максим Николаевич,988651939006,г. Челябинск ул. Суворова д. 179,23822.7
Лебедев Михаил Алексеевич,579480168903,г. Новосибирск ул. Центральная д. 116,25441.7
Лебедев Николай Максимович,552665826599,г. Ростов-на-Дону ул. Лесная д. 176,46667.2
Лебедев Павел Дмитриевич,641768396940,г. Омск ул. Молодежная д. 172,46310.4
Лебедев Павел Михайлович,442706979681,г. Воронеж ул. Суворова д. 179,46365
Лебедева Анастасия Ивановна,462432440886,г. Красноярск ул. Тверская д. 58,4233.29
Лебедева Анна Александровна,760363831795,г. Челябинск ул. Гагарина д. 1,34591.1
Лебедева Анна Сергеевна,376851555109,г. Саратов ул. Горького д. 96,28149.5
Лебедева Дарья Ивановна,215402161212,г. Ростов-на-Дону ул. Тверская д. 207,24844.3
Лебедева Екатерина Николаевна,541303890865,г. Санкт-Петербург ул. Калинина д. 104,33689.8
Лебедева Ирина Максимовна,972040634393,г. Уфа ул. Мира д. 20,50681.8
Лебедева Ксения Дмитриевна,562400428588,г. Воронеж ул. Тверская д. 34,60575
Лебедева Ольга Михайловна,231543155677,г. Москва ул. Гагарина д. 78,52006.3
Лебедева Ольга Михайловна,656233623901,г. Казань ул. Школьная д. 10,64818.1
Лебедева Светлана Михайловна,583186674789,г. Красноярск ул. Маяковского д. 107,35411.6
Лебедева Татьяна Николаевна,880161346282,г. Москва ул. Кирова д. 127,43819.3
Макаров Алексей Николаевич,557984274721,г. Новосибирск ул. Лесная д. 23,43041.9
Макаров Анатолий Владимирович,988099209366,г. Красноярск ул. Тверская д. 109,70979.8
Макаров Владимир Сергеевич,969999846641,г. Казань ул. Набережная д. 1,9163.94
Макаров Евгений Андреевич,802084867453,г. Красноярск ул. Молодежная д. 141,24285
Макаров Евгений Николаевич,168083306998,г. Омск ул. Суворова д. 146,27413
Макаров Иван Евгеньевич,155372087027,г. Самара ул. Советская д. 10,55052.1
Макаров Максим Михайлович,566299828035,г. Тюмень ул. Лесная д. 234,44284.9
Макаров Максим Михайлович,949901586890,г. Волгоград ул. Советская д. 39,59160.3
Макаров Николай Михайлович,419493976922,г. Тюмень ул. Кирова д. 59,10164.3
Макаров Павел Александрович,311625206613,г. Ростов-на-Дону ул. Советская д. 2,64295.5
Макаров Павел Павлович,636903088142,г. Саратов ул. Лесная д. 115,15388.1
Макаров Сергей Александрович,964603779640,г. Омск ул. Гагарина д. 75,33986.2
Макаров Сергей Николаевич,204157089937,г. Ростов-на-Дону ул. Калинина д. 223,61093.2
Макарова Анастасия Викторовна,677719279849,г. Краснодар ул. Тверская д. 47,18719.9
Макарова Виктория Николаевна,239680481713,г. Новосибирск ул. Советская д. 91,22828
Макарова Дарья Викторовна,382769271234,г. Новосибирск ул. Центральная д. 41,19560.4
Макарова Елена Анатольевна,428657976082,г. Уфа ул. Садовая д. 241,43254
Макарова Елена Ивановна,945410806928,г. Нижний Новгород ул. Садовая д. 139,50126.1
Макарова Ирина Александровна,919746136735,г. Тюмень ул. Садовая д. 117,39198.7
Макарова Ксения Викторовна,441525225003,г. Уфа ул. Садовая д. 41,44879.3
Макарова Мария Ивановна,100678001436,г. Саратов ул. Садовая д. 167,68369.8
Макарова Ольга Михайловна,965195755923,г. Омск ул. Чкалова д. 243,11805.5
Макарова Татьяна Максимовна,435801181567,г. Пермь ул. Молодежная д. 229,7290.84
Макарова Татьяна Михайловна,980848317606,г. Воронеж ул. Молодежная д. 233,16728.4
Макарова Юлия Андреевна,553758571928,г. Уфа ул. Горького д. 59,61504.3
Максимов Алексей Андреевич,743431369686,г. Новосибирск ул. Пушкина д. 167,5434.96
Максимов Анатолий Дмитриевич,350668884252,г. Воронеж ул. Пушкина д. 14,73794.8
Максимов Анатолий Павлович,549541753563,г. Уфа ул. Центральная д. 104,18707.2
Максимов Анатолий Сергеевич,789470149183,г. Пермь ул. Кирова д. 139,40496.8
Максимов Андрей Александрович,994746631720,г. Волгоград ул. Гагарина д. 202,2272.29
Максимов Виктор Сергеевич,616736215911,г. Екатеринбург ул. Советская д. 228,38334.3
Максимов Виктор Сергеевич,969942085552,г. Волгоград ул. Горького д. 245,36556.7
Максимов Дмитрий Андреевич,927655057215,г. Екатеринбург ул. Маяковского д. 33,28604.4
Максимов Дмитрий Владимирович,269764263191,г. Новосибирск ул. Кирова д. 100,53743.9
Максимов Дмитрий Сергеевич,648014439462,г. Омск ул. Кирова д. 220,6237.17
Максимов Иван Иванович,225401718427,г. Саратов ул. Пушкина д. 127,71976.9
Максимов Иван Сергеевич,887705823295,г. Пермь ул. Набережная д. 82,6947.02
Максимов Михаил Андреевич,925863525469,г. Красноярск ул. Набережная д. 56,51083.9
Максимов Павел Сергеевич,418160811628,г. Омск ул. Горького д. 78,69118.4
Максимова Анастасия Павловна,588126736490,г. Пермь ул. Молодежная д. 152,39708.3
Максимова Анна Владимировна,891417643695,г. Новосибирск ул. Лесная д. 80,47987.1
Максимова Елена Андреевна,350741252318,г. Тюмень ул. Кирова д. 200,59787.4
Максимова Елена Дмитриевна,453186109407,г. Волгоград ул. Кирова д. 80,70297.3
Максимова Мария Андреевна,875449699333,г. Краснодар ул. Маяковского д. 126,30975.7
Максимова Ольга Александровна,703324166256,г. Москва ул. Гагарина д. 161,17493.3
Максимова Ольга Ивановна,536911707394,г. Москва ул. Гагарина д. 218,68813.1
Максимова Татьяна Павловна,562399744732,г. Самара ул. Кирова д. 224,9238.93
Морозов Александр Максимович,210779527027,г. Санкт-Петербург ул. Советская д. 236,51961.3
Морозов Алексей Евгеньевич,697378275251,г. Казань ул. Горького д. 85,39132.9
Морозов Анатолий Николаевич,712580964716,г. Самара ул. Школьная д. 54,62090.8
Морозов Дмитрий Николаевич,242663793330,г. Ростов-на-Дону ул. Суворова д. 8,11201.8
Морозов Евгений Максимович,411750482492,г. Уфа ул. Мира д. 101,48962.8
Морозов Евгений Михайлович,558238517829,г. Тюмень ул. Молодежная д. 13,70778.4
Морозов Максим Сергеевич,331954950419,г. Саратов ул. Центральная д. 64,36503.4
Морозов Николай Максимович,213938719588,г. Уфа ул. Садовая д. 44,67068.1
Морозова Ирина Анатольевна,535700889202,г. Нижний Новгород ул. Школьная д. 33,36211.7
Морозова Ирина Викторовна,796106474783,г. Ростов-на-Дону ул. Мира д. 134,7767.74
Морозова Ксения Викторовна,311032817336,г. Челябинск ул. Набережная д. 23,41097.6
Морозова Ксения Павловна,903514450649,г. Челябинск ул. Центральная д. 57,21555.8
Морозова Мария Александровна,331075996480,г. Казань ул. Суворова д. 168,74570.1
Морозова Мария Николаевна,973595885596,г. Саратов ул. Набережная д. 204,9958.09
Морозова Наталья Владимировна,396097408976,г. Воронеж ул. Мира д. 174,16368.6
Морозова Наталья Сергеевна,146426725789,г. Уфа ул. Горького д. 157,12084.1
Морозова Светлана Алексеевна,568448181044,г. Новосибирск ул. Калинина д. 31,70065.7
Морозова Светлана Андреевна,165145394115,г. Ростов-на-Дону ул. Тверская д. 117,13946.6
Морозова Светлана Максимовна,648952447228,г. Санкт-Петербург ул. Суворова д. 102,64397
Морозова Татьяна Александровна,691670629924,г. Нижний Новгород ул. Кирова д. 182,22669.5
Никитин Алексей Максимович,746821584186,г. Санкт-Петербург ул. Набережная д. 235,11712.6
Никитин Виктор Иванович,722023661911,г. Краснодар ул. Горького д. 4,65020.3
Никитин Владимир Алексеевич,120844252177,г. Нижний Новгород ул. Садовая д. 232,60900.4
Никитин Владимир Дмитриевич,187385405993,г. Пермь ул. Советская д. 92,1054.77
Никитин Дмитрий Анатольевич,124197426089,г. Ростов-на-Дону ул. Гагарина д. 153,31887.5
Никитин Дмитрий Иванович,962683207360,г. Краснодар ул. Чкалова д. 20,61529.7
Никитин Евгений Михайлович,105572549438,г. Екатеринбург ул. Садовая д. 34,60449.4
Никитин Евгений Павлович,555052744605,г. Москва ул. Ленина д. 190,54837.3
Никитин Максим Александрович,368898729147,г. Воронеж ул. Чкалова д. 234,4970.98
Никитин Николай Николаевич,755947576572,г. Краснодар ул. Лесная д. 163,74057.9
Никитин Павел Сергеевич,256414470629,г. Воронеж ул. Центральная д. 11,49430.7
Никитина Дарья Павловна,125010669897,г. Санкт-Петербург ул. Калинина д. 109,13333.4
Никитина Елена Анатольевна,325634799930,г. Тюмень ул. Маяковского д. 52,64665.4
Никитина Ольга Дмитриевна,438442848189,г. Самара ул. Пушкина д. 168,6440.36
Никитина Светлана Владимировна,393920900884,г. Красноярск ул. Молодежная д. 149,46079.7
Никитина Светлана Ивановна,644303662294,г. Саратов ул. Мира д. 159,2532.81
Никитина Татьяна Евгеньевна,151556183781,г. Челябинск ул. Кирова д. 182,58017.2
Новиков Анатолий Викторович,595179072660,г. Омск ул. Гагарина д. 2,65250.2
Новиков Дмитрий Андреевич,745362158250,г. Екатеринбург ул. Школьная д. 191,29411.1
Новиков Дмитрий Владимирович,238483823221,г. Санкт-Петербург ул. Ленина д. 30,1042.14
Новиков Дмитрий Иванович,498043199589,г. Краснодар ул. Лесная д. 195,8862.45
Новиков Евгений Александрович,886018428883,г. Санкт-Петербург ул. Центральная д. 196,73503
Новиков Иван Николаевич,329272435300,г. Уфа ул. Лесная д. 227,9828.55
Новиков Максим Иванович,720891987344,г. Новосибирск ул. Калинина д. 6,12928.8
Новиков Максим Максимович,429048954538,г. Ростов-на-Дону ул. Садовая д. 5,55361.3
Новиков Николай Алексеевич,135088678753,г. Ростов-на-Дону ул. Центральная д. 193,27588
Новиков Павел Викторович,303156581687,г. Уфа ул. Горького д. 57,44438.4
Новиков Сергей Анатольевич,235203393702,г. Пермь ул. Центральная д. 206,51882.8
Новикова Анастасия Павловна,986520774624,г. Краснодар ул. Лесная д. 24,48447.1
Новикова Анна Алексеевна,371730440735,г. Саратов ул. Ленина д. 57,34627.7
Новикова Анна Максимовна,520236368359,г. Пермь ул. Советская д. 149,36443.5
Новикова Виктория Евгеньевна,307560510938,г. Волгоград ул. Школьная д. 41,50394.3
Новикова Дарья Михайловна,399549317841,г. Волгоград ул. Ленина д. 192,66324.9
Новикова Елена Евгеньевна,136251211858,г. Краснодар ул. Тверская д. 152,40022.7
Новикова Елена Евгеньевна,492766455077,г. Новосибирск ул. Горького д. 172,26061.3
Новикова Елена Ивановна,667399582893,г. Челябинск ул. Школьная д. 114,7481.89
Новикова Татьяна Андреевна,697895219775,г. Казань ул. Ленина д. 118,59171.1
Новикова Юлия Дмитриевна,703396018179,г. Ростов-на-Дону ул. Школьная д. 247,35595.1
Орлов Александр Александрович,274471176045,г. Казань ул. Школьная д. 68,41929.5
Орлов Виктор Алексеевич,581757127559,г. Воронеж ул. Маяковского д. 71,65607.1
Орлов Виктор Викторович,928804006475,г. Самара ул. Суворова д. 250,12640.7
Орлов Владимир Дмитриевич,577268989614,г. Екатеринбург ул. Школьная д. 184,55426.2
Орлов Дмитрий Михайлович,520206629811,г. Волгоград ул. Мира д. 206,43876
Орлов Максим Александрович,681404559977,г. Саратов ул. Центральная д. 224,30464.2
Орлов Максим Алексеевич,815246251484,г. Челябинск ул. Центральная д. 248,57189.3
Орлов Сергей Сергеевич,727613802387,г. Тюмень ул. Центральная д. 225,43541.4
Орлова Анастасия Ивановна,971450389669,г. Воронеж ул. Молодежная д. 86,44608
Орлова Анастасия Михайловна,771174978803,г. Воронеж ул. Молодежная д. 28,53465
Орлова Анна Дмитриевна,430176796712,г. Тюмень ул. Советская д. 199,67235
Орлова Анна Павловна,162991780073,г. Уфа ул. Набережная д. 14,7137.54
Орлова Виктория Андреевна,334225715641,г. Санкт-Петербург ул. Кирова д. 10,9037.9
Орлова Дарья Анатольевна,278349283943,г. Краснодар ул. Пушкина д. 68,33211.5
Орлова Дарья Владимировна,980306174483,г. Екатеринбург ул. Лесная д. 33,60388.2
Орлова Екатерина Викторовна,363189845536,г. Уфа ул. Калинина д. 98,68713.5
Орлова Екатерина Владимировна,524896347720,г. Пермь ул. Пушкина д. 211,56392.1
Орлова Ирина Андреевна,326939687661,г. Москва ул. Советская д. 178,1103.01
Орлова Ольга Сергеевна,570101716849,г. Челябинск ул. Набережная д. 124,49421.8
Павлов Александр Анатольевич,838688157224,г. Красноярск ул. Школьная д. 7,32354.3
Павлов Алексей Павлович,352647293230,г. Казань ул. Горького д. 219,22083.6
Павлов Анатолий Павлович,944764074091,г. Самара ул. Суворова д. 164,17885.3
Павлов Дмитрий Иванович,756729582519,г. Краснодар ул. Горького д. 59,42208.7
Павлов Дмитрий Сергеевич,984943312805,г. Самара ул. Гагарина д. 100,13820.2
Павлов Евгений Николаевич,305733202414,г. Екатеринбург ул. Тверская д. 25,44716.2
Павлов Иван Михайлович,616555619781,г. Санкт-Петербург ул. Центральная д. 3,51644.4
Павлов Максим Владимирович,338756671754,г. Тюмень ул. Кирова д. 29,40229.4
Павлов Максим Павлович,571239179586,г. Казань ул. Школьная д. 114,21531.9
Павлов Павел Анатольевич,313478003909,г. Санкт-Петербург ул. Мира д. 107,24481.4
Павлов Сергей Сергеевич,343468953563,г. Екатеринбург ул. Садовая д. 6,69366.4
Павлова Анастасия Павловна,604145353005,г. Казань ул. Садовая д. 7,42548.6
Павлова Анна Евгеньевна,260893531244,г. Пермь ул. Молодежная д. 134,59803.3
Павлова Виктория Павловна,116128358711,г. Волгоград ул. Суворова д. 20,16138.9
Павлова Екатерина Ивановна,872637783883,г. Уфа ул. Пушкина д. 135,32225.3
Павлова Елена Евгеньевна,667022756095,г. Уфа ул. Ленина д. 183,58671.1
Павлова Ольга Владимировна,716209911968,г. Уфа ул. Лесная д. 99,14738.7
Павлова Юлия Анатольевна,356167524768,г. Воронеж ул. Школьная д. 49,70654.4
Петров Александр Владимирович,596124352562,г. Москва ул. Маяковского д. 85,41236.8
Петров Анатолий Алексеевич,314701156102,г. Саратов ул. Пушкина д. 131,35012.4
Петров Анатолий Андреевич,869065059106,г. Екатеринбург ул. Калинина д. 30,33700.3
Петров Анатолий Сергеевич,783886586113,г. Волгоград ул. Тверская д. 182,74828.3
Петров Андрей Андреевич,596243882789,г. Казань ул. Гагарина д. 215,34388.4
Петров Виктор Андреевич,485750580949,г. Пермь ул. Лесная д. 42,64222.3
Петров Владимир Викторович,894655397206,г. Москва ул. Гагарина д. 51,45781.5
Петров Иван Андреевич,766725057503,г. Тюмень ул. Кирова д. 68,70853.7
Петров Максим Анатольевич,723797370694,г. Ростов-на-Дону ул. Маяковского д. 210,73624.8
Петров Михаил Анатольевич,438365886656,г. Нижний Новгород ул. Набережная д. 43,28786.8
Петров Михаил Михайлович,229937450066,г. Москва ул. Набережная д. 119,17396.9
Петров Михаил Сергеевич,622866298214,г. Саратов ул. Молодежная д. 160,15011.9
Петрова Анна Александровна,998130548321,г. Уфа ул. Мира д. 170,64453.6
Петрова Анна Ивановна,970493323608,г. Уфа ул. Гагарина д. 174,55338.2
Петрова Виктория Александровна,950302185936,г. Красноярск ул. Центральная д. 93,66191.4
Петрова Виктория Ивановна,580243856505,г. Екатеринбург ул. Мира д. 113,43816.2
Петрова Екатерина Максимовна,507158646132,г. Воронеж ул. Маяковского д. 89,60434.6
Петрова Елена Михайловна,871729716340,г. Тюмень ул. Суворова д. 35,3828.83
Петрова Ирина Алексеевна,655085998774,г. Омск ул. Молодежная д. 48,19006.2
Петрова Ирина Максимовна,282455135998,г. Краснодар ул. Советская д. 75,8181.3
Петрова Светлана Сергеевна,236185106686,г. Омск ул. Маяковского д. 14,6153.38
Петрова Татьяна Евгеньевна,378560403637,г. Волгоград ул. Садовая д. 5,37388.1
Попов Александр Иванович,652727014495,г. Тюмень ул. Набережная д. 101,50644.7
Попов Алексей Викторович,840318304670,г. Санкт-Петербург ул. Лесная д. 202,29218.5
Попов Анатолий Павлович,431481049876,г. Санкт-Петербург ул. Пушкина д. 164,43871.8
Попов Андрей Александрович,468806288728,г. Нижний Новгород ул. Кирова д. 158,31057.6
Попов Андрей Иванович,988373572658,г. Санкт-Петербург ул. Школьная д. 105,63109
Попов Виктор Алексеевич,982775833341,г. Новосибирск ул. Центральная д. 165,8359.53
Попов Владимир Евгеньевич,920807362908,г. Уфа ул. Лесная д. 214,35641.2
Попов Владимир Иванович,944493383156,г. Пермь ул. Пушкина д. 233,50994.6
Попов Дмитрий Михайлович,449987344175,г. Самара ул. Молодежная д. 79,52947.2
Попов Николай Дмитриевич,469142359592,г. Самара ул. Горького д. 2,60978.7
Попов Сергей Александрович,373624561666,г. Волгоград ул. Чкалова д. 142,41956.4
Попов Сергей Владимирович,804850024595,г. Нижний Новгород ул. Молодежная д. 18,41139.4
Попов Сергей Максимович,713186144514,г. Красноярск ул. Калинина д. 162,72503.3
Попова Анна Михайловна,292148077341,г. Волгоград ул. Молодежная д. 212,68055.4
Попова Анна Николаевна,575749677021,г. Новосибирск ул. Маяковского д. 250,54241
Попова Виктория Алексеевна,650257672125,г. Саратов ул. Горького д. 237,69008.8
Попова Дарья Александровна,685054775799,г. Ростов-на-Дону ул. Горького д. 47,33782.7
Попова Мария Андреевна,384014938676,г. Челябинск ул. Кирова д. 180,7085.6
Попова Мария Андреевна,812601532115,г. Саратов ул. Школьная д. 59,35384.4
Попова Ольга Евгеньевна,371024698081,г. Казань ул. Калинина д. 63,68483.7
Попова Татьяна Николаевна,476890740156,г. Казань ул. Калинина д. 9,11304.3
Попова Юлия Александровна,810829604186,г. Омск ул. Советская д. 10,53027.9
Семенов Александр Викторович,383784155802,г. Пермь ул. Калинина д. 244,52517.2
Семенов Александр Викторович,416241097458,г. Екатеринбург ул. Молодежная д. 191,43755.6
Семенов Андрей Александрович,152816193250,г. Нижний Новгород ул. Чкалова д. 60,44810.4
Семенов Андрей Викторович,417443307706,г. Пермь ул. Горького д. 104,37390.3
Семенов Андрей Владимирович,243312290220,г. Ростов-на-Дону ул. Пушкина д. 229,15930.7
Семенов Виктор Евгеньевич,476788579295,г. Самара ул. Маяковского д. 93,48447
Семенов Виктор Николаевич,476653663431,г. Красноярск ул. Калинина д. 113,37960
Семенов Владимир Анатольевич,643388458136,г. Пермь ул. Молодежная д. 181,55247.2
Семенов Владимир Викторович,509200865827,г. Казань ул. Центральная д. 215,2399.06
Семенов Владимир Павлович,761625354846,г. Екатеринбург ул. Школьная д. 178,14817.6
Семенов Евгений Дмитриевич,103197598303,г. Челябинск ул. Центральная д. 14,49687.9
Семенов Максим Дмитриевич,993523850184,г. Воронеж ул. Лесная д. 85,71787.4
Семенов Николай Сергеевич,481886319347,г. Самара ул. Пушкина д. 210,3919.62
Семенова Анастасия Александровна,387298700521,г. Воронеж ул. Ленина д. 60,35337.3
Семенова Анна Владимировна,965934646990,г. Воронеж ул. Центральная д. 50,4958.9
Семенова Анна Дмитриевна,269733709796,г. Москва ул. Суворова д. 5,30290.3
Семенова Виктория Ивановна,473377147345,г. Саратов ул. Чкалова д. 59,61718.9
Семенова Дарья Алексеевна,415002673932,г. Саратов ул. Мира д. 72,38455.6
Семенова Екатерина Евгеньевна,715089289276,г. Москва ул. Садовая д. 219,30893.7
Семенова Елена Михайловна,114705384826,г. Пермь ул. Садовая д. 66,27496.7
Семенова Ксения Дмитриевна,264694641340,г. Самара ул. Калинина д. 239,51328.1
Семенова Наталья Александровна,280404220313,г. Омск ул. Школьная д. 119,41201.3
Семенова Ольга Ивановна,526040402247,г. Москва ул. Чкалова д. 197,11559.3
Семенова Светлана Николаевна,943664567829,г. Краснодар ул. Пушкина д. 144,43746.8
Семенова Татьяна Дмитриевна,597388836154,г. Нижний Новгород ул. Тверская д. 14,71975.9
Семенова Татьяна Николаевна,938825347004,г. Краснодар ул. Чкалова д. 240,65320
Семенова Юлия Анатольевна,630072213173,г. Пермь ул. Лесная д. 13,20518.2
Семенова Юлия Владимировна,947340191488,г. Нижний Новгород ул. Суворова д. 87,22370.9
Семенова Юлия Дмитриевна,488968143790,г. Воронеж ул. Мира д. 64,12572.9
Смирнов Александр Иванович,426613490972,г. Ростов-на-Дону ул. Центральная д. 17,69162.7
Смирнов Анатолий Владимирович,734488619299,г. Пермь ул. Мира д. 211,41944.7
Смирнов Андрей Дмитриевич,455259703609,г. Красноярск ул. Садовая д. 173,22086.1
Смирнов Владимир Максимович,158043514447,г. Краснодар ул. Калинина д. 71,17146.6
Смирнов Владимир Павлович,964404309124,г. Саратов ул. Ленина д. 129,7196.29
Смирнов Иван Алексеевич,876842651096,г. Санкт-Петербург ул. Ленина д. 93,11507.3
Смирнов Иван Павлович,102628663786,г. Красноярск ул. Маяковского д. 181,41524
Смирнов Максим Максимович,365602042954,г. Казань ул. Тверская д. 248,41462.5
Смирнов Сергей Алексеевич,990296872128,г. Уфа ул. Садовая д. 32,34223.3
Смирнова Анастасия Дмитриевна,841958302255,г. Москва ул. Гагарина д. 85,2425.41
Смирнова Анастасия Сергеевна,523833633584,г. Краснодар ул. Гагарина д. 6,70450.6
Смирнова Анна Сергеевна,665008561704,г. Краснодар ул. Суворова д. 179,71973.1
Смирнова Екатерина Александровна,358346396615,г. Уфа ул. Суворова д. 108,11762.6
Смирнова Елена Владимировна,498175947871,г. Челябинск ул. Молодежная д. 124,46863.5
Смирнова Елена Евгеньевна,294188063307,г. Краснодар ул. Ленина д. 64,42707.7
Смирнова Ирина Сергеевна,975436334671,г. Тюмень ул. Мира д. 176,63648.6
Смирнова Ксения Михайловна,387843587359,г. Пермь ул. Ленина д. 226,30101.2
Смирнова Мария Николаевна,195295661411,г. Краснодар ул. Калинина д. 176,10837
Смирнова Светлана Михайловна,957079306945,г. Самара ул. Садовая д. 209,21899.7
Соколов Александр Евгеньевич,577374227540,г. Тюмень ул. Лесная д. 5,58737.9
Соколов Александр Максимович,604570442598,г. Уфа ул. Суворова д. 106,22358.7
Соколов Алексей Владимирович,316405970650,г. Челябинск ул. Мира д. 2,72648.1
Соколов Анатолий Иванович,740317922020,г. Тюмень ул. Советская д. 146,5139.86
Соколов Андрей Сергеевич,525583487500,г. Челябинск ул. Лесная д. 22,56907.9
Соколов Виктор Александрович,201879424882,г. Пермь ул. Пушкина д. 17,40649.7
Соколов Виктор Иванович,260373640084,г. Краснодар ул. Гагарина д. 231,39637.1
Соколов Виктор Максимович,288141700985,г. Екатеринбург ул. Школьная д. 56,24177.3
Соколов Евгений Викторович,247143329868,г. Краснодар ул. Школьная д. 116,55571.4
Соколов Евгений Михайлович,281451049748,г. Воронеж ул. Советская д. 164,3342.86
Соколов Евгений Николаевич,983648346887,г. Новосибирск ул. Центральная д. 178,9392.33
Соколов Михаил Александрович,285440659687,г. Тюмень ул. Школьная д. 108,20774.6
Соколов Николай Викторович,852298867620,г. Санкт-Петербург ул. Тверская д. 131,55932
Соколов Николай Максимович,544052387955,г. Москва ул. Ленина д. 131,3697.59
Соколов Павел Сергеевич,371195939089,г. Волгоград ул. Мира д. 200,65260.3
Соколов Сергей Иванович,137887270033,г. Санкт-Петербург ул. Садовая д. 143,73517.4
Соколова Анастасия Алексеевна,738047024162,г. Краснодар ул. Калинина д. 237,52772.6
Соколова Анастасия Сергеевна,187680228723,г. Екатеринбург ул. Центральная д. 155,49867
Соколова Виктория Евгеньевна,419524209250,г. Краснодар ул. Центральная д. 14,31925.9
Соколова Екатерина Викторовна,160285892301,г. Екатеринбург ул. Тверская д. 203,55869.8
Соколова Екатерина Дмитриевна,996207208595,г. Екатеринбург ул. Калинина д. 231,2757.18
Соколова Мария Дмитриевна,403654390574,г. Санкт-Петербург ул. Центральная д. 75,25320.1
Соколова Мария Максимовна,814667997722,г. Казань ул. Горького д. 249,52243.3
Соколова Ольга Александровна,549858730820,г. Казань ул. Чкалова д. 28,33347.4
Соколова Ольга Алексеевна,499235497004,г. Новосибирск ул. Горького д. 17,49783.6
Соколова Юлия Максимовна,741335601126,г. Уфа ул. Садовая д. 141,71655.5
Соколова Юлия Павловна,463308474656,г. Екатеринбург ул. Чкалова д. 192,30140.4
Соловьев Анатолий Дмитриевич,356623053893,г. Самара ул. Чкалова д. 243,61387.8
Соловьев Владимир Алексеевич,301155368697,г. Саратов ул. Советская д. 248,64461.2
Соловьев Евгений Владимирович,171992901939,г. Ростов-на-Дону ул. Калинина д. 144,11036.2
Соловьев Иван Михайлович,745418185579,г. Самара ул. Школьная д. 8,49227.3
Соловьев Максим Алексеевич,739274385296,г. Уфа ул. Пушкина д. 172,62097.7
Соловьев Михаил Евгеньевич,993627955210,г. Пермь ул. Ленина д. 151,40004.8
Соловьев Михаил Михайлович,422239955045,г. Уфа ул. Центральная д. 225,8730.33
Соловьев Павел Иванович,876130660888,г. Ростов-на-Дону ул. Суворова д. 57,59324.2
Соловьева Анастасия Ивановна,663738348197,г. Самара ул. Советская д. 229,53515.5
Соловьева Анна Александровна,165741927621,г. Екатеринбург ул. Суворова д. 133,31187.5
Соловьева Анна Андреевна,716429992808,г. Красноярск ул. Калинина д. 148,17348.8
Соловьева Анна Владимировна,904105687254,г. Уфа ул. Маяковского д. 67,68633.4
Соловьева Дарья Евгеньевна,915864162513,г. Тюмень ул. Молодежная д. 237,18488.2
Соловьева Екатерина Алексеевна,513297509791,г. Новосибирск ул. Советская д. 27,5119.95
Соловьева Екатерина Андреевна,363780939553,г. Красноярск ул. Лесная д. 12,15365.3
Соловьева Елена Александровна,943258529035,г. Санкт-Петербург ул. Суворова д. 179,64107.5
Соловьева Елена Викторовна,791423960214,г. Омск ул. Суворова д. 88,64167.9
Соловьева Ирина Александровна,953394649264,г. Пермь ул. Ленина д. 64,37726.1
Соловьева Ирина Алексеевна,259698641486,г. Самара ул. Школьная д. 33,32537.2
Соловьева Ирина Викторовна,158405921656,г. Волгоград ул. Гагарина д. 110,34357
Соловьева Мария Александровна,578597566615,г. Красноярск ул. Советская д. 195,11625.2
Соловьева Наталья Сергеевна,163320646800,г. Нижний Новгород ул. Суворова д. 154,11016.4
Федоров Дмитрий Анатольевич,527042776701,г. Нижний Новгород ул. Пушкина д. 110,63477.8
Федоров Дмитрий Николаевич,187831914617,г. Ростов-на-Дону ул. Пушкина д. 32,29562.2
Федоров Евгений Андреевич,278846240117,г. Казань ул. Чкалова д. 210,20931.6
Федоров Иван Сергеевич,187918647570,г. Москва ул. Молодежная д. 240,47258.1
Федоров Максим Максимович,610901368051,г. Пермь ул. Гагарина д. 31,14262.5
Федоров Николай Анатольевич,473997065147,г. Тюмень ул. Тверская д. 60,38187.7
Федоров Павел Дмитриевич,807842326504,г. Санкт-Петербург ул. Советская д. 184,56596
Федоров Сергей Алексеевич,865898638934,г. Санкт-Петербург ул. Пушкина д. 143,3482.82
Федорова Анна Михайловна,660593369062,г. Уфа ул. Молодежная д. 189,10185.3
Федорова Виктория Андреевна,787234759755,г. Уфа ул. Маяковского д. 57,62557.8
Федорова Виктория Евгеньевна,337790519971,г. Новосибирск ул. Садовая д. 45,46190.5
Федорова Дарья Ивановна,300539602827,г. Ростов-на-Дону ул. Центральная д. 25,48195.7
Федорова Елена Александровна,366791059855,г. Казань ул. Лесная д. 110,58557.8
Федорова Мария Андреевна,143210119929,г. Самара ул. Школьная д. 141,27466
Федорова Наталья Алексеевна,307046913764,г. Волгоград ул. Ленина д. 83,48142.5
Федорова Светлана Андреевна,183155452993,г. Красноярск ул. Молодежная д. 226,10640.8
